,date,stock,industry profit rank,buy,sell,profit,total profit,same with index,open,high,close,p_change,tendays max,volume,trading value,trading value rank
200,2017-08-10,600420,1.0,1,0.0,1e-13,0.0,0,15.25,16.15,16.08,5.58,15.62,140348.33,2256801.1463999995,1.0
201,2017-08-11,600420,1.0,0,0.0,0.03254067584480598,0.0,0,15.98,16.94,16.5,2.61,16.94,200406.62,3306709.23,1.0
68,2017-08-14,2612,2.0,1,0.0,1e-13,0.0,1,13.03,13.49,13.48,3.14,13.29,34149.13,460330.27239999996,1.0
130,2017-08-14,300378,8.0,1,0.0,1e-13,0.0,1,15.6,17.03,16.76,7.71,16.7,110621.76,1854020.6976,2.0
202,2017-08-14,600420,53.0,0,0.0,-0.0048,0.0,0,16.5,16.9,16.42,-0.48,16.94,114229.9,1875654.958,3.0
69,2017-08-15,2612,26.0,0,0.0,-0.0014847809948033664,0.0,0,13.47,13.6,13.45,-0.22,13.29,16208.16,217999.75199999998,1.0
131,2017-08-15,300378,22.0,0,0.0,0.01428571428571419,0.0,1,16.8,17.08,17.04,1.67,16.7,84114.27,1433307.1608,3.0
203,2017-08-15,600420,32.0,0,0.0,0.0006,0.0,1,16.41,16.66,16.43,0.06,16.94,59956.83,985090.7169,2.0
70,2017-08-16,2612,14.0,0,0.0,0.0104,0.0,1,13.61,13.9,13.59,1.04,13.9,33048.92,449134.82279999997,1.0
132,2017-08-16,300378,86.0,0,0.0,0.0018,0.0,0,16.95,17.4,17.07,0.18,16.7,94177.72,1607613.6804,3.0
204,2017-08-16,600420,52.0,0,0.0,-0.0122,0.0,1,16.3,16.52,16.23,-1.22,16.94,63734.8,1034415.8040000001,2.0
71,2017-08-17,2612,14.0,0,13.52,-0.005150846210448879,0.0037119524870081744,1,13.52,13.74,13.67,0.59,13.9,22201.72,303497.5124,1.0
133,2017-08-17,300378,49.0,0,0.0,0.016399999999999998,0.0,1,16.97,17.77,17.35,1.64,17.77,93577.29,1623565.9815,3.0
205,2017-08-17,600420,40.0,0,0.0,-0.0018,0.0,0,16.08,16.26,16.2,-0.18,16.94,55309.14,896008.068,2.0
253,2017-08-17,600575,1.0,1,0.0,1e-13,0.0,1,4.22,4.61,4.55,8.08,4.48,407636.41,1854745.6655,4.0
134,2017-08-18,300378,83.0,0,0.0,-0.0236,0.0,0,17.1,17.25,16.94,-2.36,17.77,62808.39,1063974.1266,2.0
181,2017-08-18,600086,4.0,1,0.0,1e-13,0.0,1,10.86,11.16,11.08,1.65,11.0,310200.16,3437017.7728,4.0
206,2017-08-18,600420,14.0,0,0.0,0.0043,0.0,1,16.14,16.56,16.27,0.43,16.94,64090.25,1042748.3674999999,1.0
254,2017-08-18,600575,1.0,0,0.0,0.06249999999999985,0.0,1,4.48,4.77,4.76,4.62,4.48,509152.84,2423567.5184,3.0
135,2017-08-21,300378,54.0,0,0.0,0.0047,0.0,1,16.9,17.13,17.02,0.47,17.77,34324.49,584202.8197999999,1.0
182,2017-08-21,600086,16.0,0,0.0,0.015426497277676943,0.0,1,11.02,11.19,11.19,0.99,11.0,215916.88,2416109.8871999998,3.0
207,2017-08-21,600420,56.0,0,0.0,-0.0203,0.0,0,16.25,16.38,15.94,-2.03,16.94,97600.37,1555749.8978,2.0
255,2017-08-21,600575,1.0,0,0.0,0.0483,0.0,1,4.79,5.02,4.99,4.83,4.48,564261.75,2815666.1325000003,4.0
136,2017-08-22,300378,38.0,0,0.0,-0.01,0.0,0,17.02,17.06,16.85,-1.0,17.77,33621.11,566515.7035000001,1.0
183,2017-08-22,600086,27.0,0,0.0,-0.0116,0.0,0,11.17,11.44,11.06,-1.16,11.44,292249.0,3232273.94,3.0
208,2017-08-22,600420,21.0,0,0.0,-0.0019,0.0,0,16.0,16.06,15.91,-0.19,16.94,44086.95,701423.3744999999,2.0
256,2017-08-22,600575,7.0,0,0.0,-0.022,0.0,0,4.95,5.29,4.88,-2.2,5.29,739038.0,3606505.44,4.0
137,2017-08-23,300378,9.0,0,0.0,0.0214,0.0,0,16.85,17.34,17.21,2.14,17.77,44456.14,765090.1694,2.0
184,2017-08-23,600086,24.0,0,0.0,-0.0036,0.0,1,11.11,11.21,11.02,-0.36,11.44,108429.95,1194898.0489999999,3.0
209,2017-08-23,600420,38.0,0,0.0,-0.0088,0.0,1,15.91,15.96,15.77,-0.88,16.94,33280.42,524832.2233999999,1.0
257,2017-08-23,600575,7.0,0,0.0,-0.0348,0.0,1,4.89,4.9,4.71,-3.48,5.29,392834.22,1850249.1761999999,4.0
138,2017-08-24,300378,82.0,0,0.0,-0.0238,0.0,1,17.12,17.2,16.8,-2.38,17.77,35185.92,591123.456,2.0
185,2017-08-24,600086,39.0,0,0.0,-0.0254,0.0,1,11.0,11.05,10.74,-2.54,11.44,191343.56,2055029.8344,4.0
210,2017-08-24,600420,6.0,0,0.0,0.0051,0.0,0,15.8,15.88,15.85,0.51,16.94,23732.89,376166.3065,1.0
258,2017-08-24,600575,7.0,0,0.0,-0.0255,0.0,1,4.63,4.73,4.59,-2.55,5.29,244060.84,1120239.2556,3.0
139,2017-08-25,300378,31.0,0,0.0,0.0256,0.0,1,16.82,17.35,17.23,2.56,17.77,50392.71,868266.3933,3.0
186,2017-08-25,600086,39.0,0,10.64,-0.009310986964618215,-0.03448275862068961,0,10.64,10.71,10.5,-2.23,11.44,131868.3,1384617.15,4.0
211,2017-08-25,600420,37.0,0,0.0,0.0076,0.0,1,15.81,15.97,15.97,0.76,16.94,36241.24,578772.6028,1.0
259,2017-08-25,600575,8.0,0,0.0,0.0022,0.0,1,4.59,4.71,4.6,0.22,5.29,182945.27,841548.2419999999,2.0
140,2017-08-28,300378,24.0,0,0.0,0.033100000000000004,0.0,1,17.2,18.05,17.8,3.31,17.77,72755.13,1295041.3140000002,2.0
260,2017-08-28,600575,8.0,0,0.0,0.006500000000000001,0.0,1,4.57,4.69,4.63,0.65,5.29,150597.75,697267.5825,1.0
141,2017-08-29,300378,63.0,0,17.81,0.0005617977528088768,0.06011904761904741,0,17.81,17.87,17.61,-1.07,17.77,42881.06,755135.4665999999,2.0
212,2017-08-29,600420,42.0,0,0.0,-0.0088,0.0,0,15.97,15.99,15.83,-0.88,16.94,37286.94,590252.2602,1.0
261,2017-08-29,600575,1.0,0,0.0,0.0108,0.0,1,4.62,4.86,4.68,1.08,5.29,310468.81,1452994.0307999998,3.0
213,2017-08-30,600420,44.0,0,0.0,-0.0101,0.0,1,15.8,15.81,15.67,-1.01,16.94,65398.75,1024798.4125,1.0
262,2017-08-30,600575,8.0,0,0.0,-0.032100000000000004,0.0,1,4.66,4.7,4.53,-3.21,5.29,348632.06,1579303.2318000002,2.0
214,2017-08-31,600420,56.0,0,0.0,-0.0211,0.0,1,15.67,15.67,15.34,-2.11,16.94,97451.81,1494910.7654,2.0
263,2017-08-31,600575,7.0,0,0.0,-0.0088,0.0,1,4.52,4.57,4.49,-0.88,5.29,173792.59,780328.7291,1.0
215,2017-09-01,600420,37.0,0,15.25,-0.005867014341590603,-0.04568210262828543,0,15.25,15.36,15.32,-0.13,16.94,68205.25,1044904.43,2.0
264,2017-09-01,600575,2.0,0,0.0,0.0245,0.0,1,4.51,4.61,4.6,2.45,5.29,181007.0,832632.2,1.0
265,2017-09-04,600575,3.0,0,0.0,-0.006500000000000001,0.0,0,4.6,4.6,4.57,-0.65,5.29,112379.31,513573.44670000003,1.0
266,2017-09-05,600575,5.0,0,0.0,-0.0088,0.0,0,4.57,4.62,4.53,-0.88,5.29,138857.02,629022.3006,1.0
267,2017-09-07,600575,7.0,0,0.0,-0.0177,0.0,1,4.51,4.55,4.45,-1.77,5.29,130609.94,581214.233,1.0
268,2017-09-08,600575,8.0,0,0.0,-0.011200000000000002,0.0,1,4.48,4.48,4.4,-1.12,5.29,119337.0,525082.8,1.0
269,2017-09-11,600575,7.0,0,0.0,-0.0046,0.0,0,4.4,4.43,4.38,-0.46,5.29,114900.0,503262.0,1.0
270,2017-09-12,600575,5.0,0,0.0,0.0023,0.0,1,4.38,4.42,4.39,0.23,5.29,121136.0,531787.0399999999,1.0
64,2017-09-13,2584,10.0,1,0.0,1e-13,0.0,0,15.79,16.48,16.45,3.92,16.1,220247.5,3623071.375,2.0
271,2017-09-13,600575,1.0,0,0.0,0.0319,0.0,1,4.39,4.56,4.53,3.19,5.29,181623.31,822753.5943,1.0
65,2017-09-14,2584,66.0,0,0.0,-0.0018404907975460817,0.0,1,16.3,16.42,16.27,-1.09,16.1,151351.0,2462480.77,2.0
272,2017-09-14,600575,7.0,0,0.0,-0.006600000000000001,0.0,1,4.52,4.55,4.5,-0.66,5.29,110420.5,496892.25,1.0
66,2017-09-15,2584,6.0,0,0.0,0.016,0.0,0,16.3,16.62,16.53,1.6,16.1,157037.17,2595824.4201,2.0
273,2017-09-15,600575,1.0,0,0.0,0.0044,0.0,0,4.5,4.53,4.52,0.44,5.29,99745.71,450850.6092,1.0
67,2017-09-18,2584,65.0,0,16.64,0.006654567453115511,0.020858895705521352,0,16.64,16.81,16.54,0.06,16.81,79015.03,1306908.5962,2.0
274,2017-09-18,600575,6.0,0,0.0,0.0022,0.0,1,4.51,4.61,4.53,0.22,5.29,82554.0,373969.62,1.0
38,2017-09-19,2296,3.0,1,0.0,1e-13,0.0,0,10.1,10.59,10.59,9.97,10.29,167956.45,1778658.8055,2.0
275,2017-09-19,600575,1.0,0,0.0,0.0199,0.0,0,4.54,4.68,4.62,1.99,4.68,199521.94,921791.3628,1.0
39,2017-09-20,2296,3.0,0,0.0,0.024545454545454502,0.0,1,11.0,11.59,11.27,6.42,11.59,758724.0,8550819.48,2.0
276,2017-09-20,600575,9.0,0,0.0,-0.0043,0.0,0,4.6,4.66,4.6,-0.43,4.68,158589.14,729510.044,1.0
40,2017-09-21,2296,55.0,0,0.0,-0.055,0.0,0,10.99,11.08,10.65,-5.5,11.59,397088.31,4228990.5015,2.0
277,2017-09-21,600575,7.0,0,0.0,-0.013,0.0,1,4.6,4.64,4.54,-1.3,4.68,118916.0,539878.64,1.0
41,2017-09-22,2296,51.0,0,0.0,-0.0084,0.0,1,10.6,10.84,10.56,-0.84,11.59,237342.84,2506340.3904,2.0
278,2017-09-22,600575,9.0,0,0.0,-0.0154,0.0,1,4.55,4.55,4.47,-1.54,4.68,75639.12,338106.86639999994,1.0
42,2017-09-25,2296,43.0,0,0.0,-0.0303,0.0,1,10.5,10.6,10.24,-3.03,11.59,186278.55,1907492.352,2.0
279,2017-09-25,600575,6.0,0,0.0,-0.0201,0.0,1,4.48,4.48,4.38,-2.01,4.68,76231.0,333891.77999999997,1.0
43,2017-09-26,2296,11.0,0,10.3,0.0058593750000000494,-0.0636363636363636,0,10.3,10.52,10.47,2.25,11.59,145623.34,1524676.3698,2.0
280,2017-09-26,600575,3.0,0,0.0,0.0046,0.0,1,4.38,4.45,4.4,0.46,4.68,42944.14,188954.21600000001,1.0
281,2017-09-27,600575,2.0,0,0.0,0.0182,0.0,1,4.4,4.56,4.48,1.82,4.68,135474.48,606925.6704000001,1.0
282,2017-09-28,600575,6.0,0,0.0,-0.0179,0.0,1,4.45,4.46,4.4,-1.79,4.68,69669.64,306546.416,1.0
283,2017-09-29,600575,2.0,0,0.0,0.0114,0.0,1,4.41,4.48,4.45,1.14,4.68,82353.17,366471.6065,1.0
284,2017-10-09,600575,7.0,0,0.0,0.0023,0.0,1,4.46,4.52,4.46,0.23,4.68,88824.01,396155.0846,1.0
285,2017-10-10,600575,2.0,0,0.0,0.0202,0.0,1,4.45,4.57,4.55,2.02,4.68,100835.75,458802.6625,1.0
286,2017-10-11,600575,2.0,0,0.0,0.0044,0.0,1,4.52,4.62,4.57,0.44,4.68,172351.94,787648.3658,1.0
287,2017-10-12,600575,8.0,0,0.0,-0.010900000000000002,0.0,1,4.57,4.57,4.52,-1.09,4.68,69980.99,316314.0748,1.0
288,2017-10-13,600575,6.0,0,0.0,0.0022,0.0,1,4.5,4.54,4.53,0.22,4.68,54017.1,244697.46300000002,1.0
289,2017-10-16,600575,9.0,0,0.0,-0.0309,0.0,1,4.52,4.52,4.39,-3.09,4.68,107080.0,470081.19999999995,1.0
290,2017-10-17,600575,7.0,0,0.0,-0.0023,0.0,1,4.42,4.44,4.38,-0.23,4.68,76824.12,336489.6456,1.0
291,2017-10-18,600575,8.0,0,0.0,-0.013700000000000002,0.0,0,4.38,4.42,4.32,-1.37,4.68,74369.0,321274.08,1.0
292,2017-10-19,600575,7.0,0,0.0,-0.0255,0.0,1,4.34,4.34,4.21,-2.55,4.68,126437.0,532299.77,1.0
245,2017-11-06,600532,2.0,1,0.0,1e-13,0.0,1,11.97,13.18,13.18,10.02,12.35,216469.69,2853070.5142,1.0
246,2017-11-07,600532,8.0,0,0.0,0.0134328358208955,0.0,1,13.4,13.85,13.58,3.04,12.35,203509.55,2763659.689,4.0
293,2017-11-07,600612,2.0,1,0.0,1e-13,0.0,1,43.62,44.76,44.33,2.02,43.63,27000.03,1196911.3299,1.0
303,2017-11-07,600674,2.0,1,0.0,1e-13,0.0,1,10.05,10.23,10.2,2.0,10.15,172498.2,1759481.64,2.0
337,2017-11-07,603111,2.0,1,0.0,1e-13,0.0,1,14.52,15.55,15.52,6.37,15.29,166314.95,2581208.024,3.0
247,2017-11-08,600532,1.0,0,0.0,0.0309,0.0,1,13.56,14.28,14.0,3.09,14.28,199165.44,2788316.16,4.0
294,2017-11-08,600612,30.0,0,0.0,-0.004060455673358893,0.0,0,44.33,44.74,44.15,-0.41,43.63,13929.98,615008.617,1.0
304,2017-11-08,600674,17.0,0,0.0,-0.01747572815533995,0.0,0,10.3,10.35,10.12,-0.78,10.15,217030.2,2196345.624,3.0
338,2017-11-08,603111,5.0,0,0.0,0.010981912144702838,0.0,1,15.48,15.71,15.65,0.84,15.29,117078.08,1832271.952,2.0
248,2017-11-09,600532,16.0,0,0.0,-0.0007000000000000001,0.0,0,13.95,14.2,13.99,-0.07,14.28,254630.59,3562281.9541,4.0
295,2017-11-09,600612,21.0,0,0.0,0.0007000000000000001,0.0,1,43.89,44.28,44.18,0.07,43.63,14246.89,629427.6002,1.0
305,2017-11-09,600674,1.0,0,0.0,0.0158,0.0,1,10.19,10.29,10.28,1.58,10.15,102945.47,1058279.4316,2.0
339,2017-11-09,603111,4.0,0,0.0,0.0179,0.0,1,15.7,16.08,15.93,1.79,15.29,123415.55,1966009.7115,3.0
249,2017-11-10,600532,17.0,0,0.0,-0.052800000000000014,0.0,0,13.99,14.02,13.27,-5.28,14.28,237991.09,3158141.7643,4.0
296,2017-11-10,600612,7.0,0,0.0,0.0068000000000000005,0.0,1,44.39,44.89,44.5,0.68,44.89,18805.09,836826.505,1.0
306,2017-11-10,600674,5.0,0,0.0,0.0078,0.0,1,10.31,10.43,10.37,0.78,10.15,175371.28,1818600.1735999999,3.0
340,2017-11-10,603111,4.0,0,0.0,-0.0069,0.0,0,15.78,16.29,15.81,-0.69,15.29,107592.1,1701031.1010000003,2.0
250,2017-11-13,600532,17.0,0,0.0,-0.0196,0.0,0,13.33,13.45,13.01,-1.96,14.28,126780.26,1649411.1826,2.0
307,2017-11-13,600674,11.0,0,10.41,0.003857280617164988,0.010679611650485477,0,10.41,10.47,10.25,-1.16,10.47,164517.27,1686302.0174999998,3.0
341,2017-11-13,603111,2.0,0,0.0,0.0184,0.0,1,15.88,16.38,16.08,1.84,16.38,99422.16,1598708.3328,1.0
251,2017-11-14,600532,17.0,0,0.0,-0.0415,0.0,1,12.91,12.92,12.48,-4.15,14.28,116882.95,1458699.216,1.0
342,2017-11-14,603111,6.0,0,16.25,0.010572139303482695,0.049741602067183484,1,16.25,16.25,15.71,-2.3,16.38,114783.0,1803240.9300000002,2.0
252,2017-11-15,600532,10.0,0,12.3,-0.0144230769230769,-0.08208955223880599,1,12.3,12.38,12.14,-2.49,14.28,77847.86,945073.0204,1.0
122,2017-12-19,300241,2.0,1,0.0,1e-13,0.0,1,16.5,17.28,17.23,4.05,17.14,111268.36,1917153.8428,2.0
146,2017-12-19,300465,1.0,1,0.0,1e-13,0.0,1,9.12,9.98,9.98,10.03,9.78,138677.19,1383998.3562,1.0
123,2017-12-20,300241,2.0,0,0.0,0.03759398496240614,0.0,0,17.29,18.21,17.94,4.12,17.14,115915.82,2079529.8108000003,1.0
147,2017-12-20,300465,71.0,0,0.0,-0.03645320197044345,0.0,1,10.15,10.19,9.78,-2.0,10.19,220954.52,2160935.2056,2.0
124,2017-12-21,300241,12.0,0,0.0,0.01,0.0,1,17.72,18.15,18.12,1.0,17.14,54123.23,980712.9276,1.0
148,2017-12-21,300465,63.0,0,0.0,-0.0031,0.0,0,9.66,9.8,9.75,-0.31,10.19,128953.39,1257295.5525,2.0
125,2017-12-22,300241,7.0,0,0.0,0.0105,0.0,0,18.14,18.42,18.31,1.05,17.14,33342.16,610494.9496,1.0
149,2017-12-22,300465,91.0,0,0.0,-0.0256,0.0,1,9.71,9.88,9.5,-2.56,10.19,90392.4,858727.7999999999,2.0
126,2017-12-25,300241,16.0,0,0.0,-0.0235,0.0,1,18.16,18.42,17.88,-2.35,17.14,55254.46,987949.7448,3.0
150,2017-12-25,300465,78.0,0,9.38,-0.012631578947368341,-0.07586206896551717,1,9.38,9.47,9.2,-3.16,10.19,74311.4,683664.8799999999,2.0
297,2017-12-25,600636,8.0,1,0.0,1e-13,0.0,0,14.2,14.6,14.49,2.19,14.45,41366.83,599405.3667,1.0
127,2017-12-26,300241,20.0,0,0.0,-0.0034,0.0,0,17.61,17.93,17.82,-0.34,17.14,47939.24,854277.2568,2.0
298,2017-12-26,600636,47.0,0,0.0,0.01378359751895252,0.0,1,14.51,14.8,14.71,1.38,14.45,40282.93,592561.9003000001,1.0
128,2017-12-27,300241,1.0,0,0.0,0.029700000000000008,0.0,0,18.08,18.95,18.35,2.97,18.95,108482.11,1990646.7185000002,2.0
299,2017-12-27,600636,49.0,0,0.0,0.0014000000000000002,0.0,0,14.72,15.1,14.73,0.14,14.45,53599.74,789524.1701999999,1.0
129,2017-12-28,300241,4.0,0,18.21,-0.0076294277929155625,0.05320994794679024,1,18.21,18.73,18.48,0.71,18.95,55370.96,1023255.3408,2.0
300,2017-12-28,600636,105.0,0,0.0,-0.0292,0.0,0,14.76,14.79,14.3,-2.92,14.45,49260.67,704427.581,1.0
301,2017-12-29,600636,9.0,0,0.0,0.0413,0.0,1,14.3,14.98,14.88,4.13,14.45,55390.55,824211.3840000001,1.0
302,2018-01-02,600636,74.0,0,14.95,0.004704301075268718,0.030323914541695363,1,14.95,15.21,14.99,0.74,15.21,41905.7,628166.443,1.0
108,2018-01-11,2842,1.0,1,0.0,1e-13,0.0,0,42.41,46.2,46.2,10.0,45.65,25026.2,1156210.4400000002,1.0
109,2018-01-12,2842,13.0,0,0.0,-0.0190476190476191,0.0,0,46.2,47.55,45.32,-1.91,47.55,42087.26,1907394.6232,1.0
110,2018-01-15,2842,3.0,0,0.0,-0.0294,0.0,0,45.13,45.69,43.99,-2.94,47.55,22285.04,980318.9096000001,1.0
111,2018-01-16,2842,19.0,0,0.0,-0.0089,0.0,0,44.24,44.42,43.6,-0.89,47.55,21942.92,956711.3119999999,1.0
112,2018-01-17,2842,21.0,0,43.05,-0.012614678899082668,-0.06818181818181834,0,43.05,43.57,41.59,-4.61,47.55,20015.28,832435.4952,1.0
16,2018-03-06,2127,1.0,1,0.0,1e-13,0.0,1,13.93,15.0,14.81,6.85,14.79,233966.52,3465044.1612,1.0
17,2018-03-07,2127,4.5,0,0.0,0.007482993197278994,0.0,0,14.7,15.05,14.81,0.0,14.79,139978.33,2073079.0673,1.0
187,2018-03-07,600209,2.0,1,0.0,1e-13,0.0,0,9.07,10.03,9.86,8.11,9.85,454066.34,4477094.1124,2.0
18,2018-03-08,2127,10.0,0,0.0,0.0094,0.0,1,14.79,15.1,14.95,0.94,14.79,102758.32,1536236.884,1.0
188,2018-03-08,600209,16.0,0,0.0,-0.010309278350515427,0.0,0,9.7,9.74,9.6,-2.93,9.85,340719.22,3270904.5119999996,3.0
369,2018-03-08,603683,6.0,1,0.0,1e-13,0.0,1,20.87,21.89,21.73,3.97,21.22,82720.19,1797509.7287,2.0
19,2018-03-09,2127,35.0,0,0.0,-0.0047,0.0,1,15.0,15.3,14.88,-0.47,14.79,119473.04,1777758.8352,1.0
189,2018-03-09,600209,7.0,0,0.0,0.0156,0.0,1,9.62,9.89,9.76,1.56,9.85,218382.56,2131413.7856,3.0
370,2018-03-09,603683,59.0,0,0.0,0.011504832029452369,0.0,1,21.73,22.57,21.98,1.1,21.22,86470.52,1900622.0296000002,2.0
12,2018-03-12,2074,9.0,1,0.0,1e-13,0.0,0,20.98,21.85,21.85,5.2,21.27,236955.88,5177485.978,4.0
20,2018-03-12,2127,17.0,0,0.0,0.0195,0.0,0,14.88,15.73,15.17,1.95,14.79,154940.09,2350441.1653,2.0
190,2018-03-12,600209,3.0,0,0.0,0.0246,0.0,1,9.75,10.26,9.98,2.46,9.85,298928.03,2983301.7394000003,3.0
371,2018-03-12,603683,47.0,0,0.0,0.0205,0.0,1,22.3,23.5,22.43,2.05,23.5,88824.91,1992342.7313,1.0
13,2018-03-13,2074,76.0,0,0.0,-0.01332108406063386,0.0,1,21.77,21.99,21.48,-1.69,21.27,151107.2,3245782.6560000004,3.0
191,2018-03-13,600209,15.0,0,9.65,-0.03306613226452906,-0.0051546391752576035,1,9.65,9.93,9.79,-1.9,9.85,219675.05,2150618.7394999997,2.0
372,2018-03-13,603683,103.0,0,0.0,-0.048200000000000014,0.0,1,22.14,22.18,21.33,-4.82,23.5,63022.88,1344278.0303999998,1.0
14,2018-03-14,2074,4.0,0,0.0,0.0521,0.0,0,21.43,22.85,22.6,5.21,21.27,321997.44,7277142.144,2.0
373,2018-03-14,603683,86.0,0,0.0,-0.0173,0.0,1,21.36,21.82,20.97,-1.73,23.5,43174.2,905362.9739999999,1.0
15,2018-03-15,2074,11.0,0,22.4,-0.008849557522124019,0.028938906752411512,0,22.4,23.64,23.2,2.65,23.64,349191.16,8101234.912,2.0
374,2018-03-15,603683,102.0,0,0.0,-0.0558,0.0,1,20.54,20.55,19.79,-5.58,23.5,68410.47,1353843.2013,1.0
375,2018-03-16,603683,38.0,0,19.87,0.004042445679636273,-0.08559595029912559,1,19.87,20.26,19.82,-0.05,23.5,36014.9,713815.3180000001,1.0
92,2018-03-22,2771,4.0,1,0.0,1e-13,0.0,0,16.1,17.64,17.64,9.97,17.36,52068.01,918479.6964,1.0
93,2018-03-23,2771,2.0,0,0.0,0.09138533178114087,0.0,0,17.18,18.99,18.75,6.29,17.36,146873.86,2753884.8749999995,1.0
94,2018-03-26,2771,110.0,0,0.0,-0.024,0.0,1,17.3,18.66,18.3,-2.4,17.36,93937.85,1719062.6550000003,1.0
31,2018-03-27,2268,33.0,1,0.0,1e-13,0.0,1,28.59,30.25,30.0,5.71,29.5,261504.95,7845148.5,2.0
95,2018-03-27,2771,45.0,0,0.0,0.0525,0.0,1,18.06,19.57,19.26,5.25,19.57,102779.06,1979524.6956000002,1.0
32,2018-03-28,2268,109.0,0,0.0,-0.028698325930987357,0.0,1,29.27,29.65,28.43,-5.23,29.5,186224.44,5294360.8292,2.0
96,2018-03-28,2771,110.0,0,0.0,-0.054000000000000006,0.0,1,18.65,19.09,18.22,-5.4,19.57,69696.09,1269862.7597999999,1.0
33,2018-03-29,2268,52.0,0,28.18,-0.008793527963418923,-0.037239494362828814,1,28.18,28.82,28.7,0.95,29.5,178936.59,5135480.132999999,2.0
97,2018-03-29,2771,89.0,0,0.0,-0.0022,0.0,0,18.09,18.58,18.18,-0.22,19.57,46748.74,849892.0932,1.0
98,2018-03-30,2771,72.0,0,0.0,0.0258,0.0,0,18.14,18.88,18.65,2.58,19.57,53509.08,997944.342,1.0
99,2018-04-02,2771,56.0,0,0.0,0.0096,0.0,0,18.9,19.45,18.83,0.96,19.57,71918.53,1354225.9198999999,1.0
100,2018-04-03,2771,109.0,0,0.0,-0.0425,0.0,1,18.37,18.56,18.03,-4.25,19.57,44004.57,793402.3971000001,1.0
101,2018-04-04,2771,20.0,0,0.0,-0.0011,0.0,0,18.29,18.84,18.01,-0.11,19.57,39452.69,710542.9469000001,1.0
102,2018-04-09,2771,35.0,0,0.0,0.0205,0.0,1,17.8,18.56,18.38,2.05,19.57,38467.4,707030.812,1.0
103,2018-04-10,2771,86.0,0,0.0,-0.0229,0.0,0,18.33,18.33,17.96,-2.29,19.57,32893.0,590758.28,1.0
104,2018-04-11,2771,14.0,0,0.0,0.040700000000000014,0.0,1,17.94,18.69,18.69,4.07,19.57,51195.35,956841.0915,1.0
105,2018-04-12,2771,107.0,0,0.0,-0.03,0.0,1,18.65,18.67,18.13,-3.0,19.57,37868.0,686546.84,1.0
106,2018-04-13,2771,4.0,0,0.0,0.0998,0.0,1,18.26,19.94,19.94,9.98,19.57,93958.22,1873526.9068000002,1.0
107,2018-04-16,2771,39.0,0,20.5,0.02808425275827476,0.19324796274738065,0,20.5,21.8,20.57,3.16,21.8,173500.64,3568908.1648000004,1.0
142,2018-05-07,300395,3.0,1,0.0,1e-13,0.0,1,16.16,16.56,16.46,2.17,16.25,81829.29,1346910.1134,1.0
143,2018-05-08,300395,14.0,0,0.0,0.004901960784313621,0.0,0,16.32,16.63,16.4,-0.36,16.25,31221.5,512032.6,1.0
144,2018-05-09,300395,1.0,0,0.0,0.0061,0.0,0,16.35,16.79,16.5,0.61,16.79,41711.44,688238.76,1.0
145,2018-05-10,300395,15.0,0,16.48,-0.0012121212121211865,0.009803921568627416,0,16.48,16.57,16.17,-2.0,16.79,35581.18,575347.6806000001,1.0
308,2018-06-04,600826,1.0,1,0.0,1e-13,0.0,1,15.06,16.08,16.03,6.44,15.77,112048.81,1796142.4243,1.0
309,2018-06-05,600826,16.0,0,0.0,-0.005663939584644421,0.0,0,15.89,16.0,15.8,-1.44,15.77,82211.29,1298938.382,1.0
310,2018-06-06,600826,6.0,0,0.0,0.0032,0.0,1,15.7,16.22,15.85,0.32,16.22,81478.0,1291426.3,1.0
311,2018-06-07,600826,8.0,0,15.93,0.0050473186119873855,0.0025173064820640523,1,15.93,15.93,15.84,-0.06,16.22,44148.14,699306.5376,1.0
44,2018-06-22,2434,22.0,1,0.0,1e-13,0.0,0,8.59,8.79,8.79,2.33,8.69,128373.73,1128405.0866999999,1.0
45,2018-06-25,2434,72.0,0,0.0,-0.03142536475869802,0.0,1,8.91,9.0,8.63,-1.82,9.0,131174.78,1132038.3514,1.0
46,2018-06-27,2434,13.0,0,8.68,0.005793742757821429,-0.02581369248035914,0,8.68,8.77,8.75,1.39,9.0,67164.02,587685.175,1.0
75,2018-07-13,2745,1.0,1,0.0,1e-13,0.0,0,17.0,18.3,18.1,5.72,17.95,361674.91,6546315.871,1.0
76,2018-07-16,2745,6.0,0,0.0,0.04748603351955315,0.0,0,17.9,18.88,18.75,3.59,17.95,392858.81,7366102.6875,1.0
77,2018-07-17,2745,9.0,0,0.0,0.0053,0.0,0,18.49,19.2,18.85,0.53,17.95,262697.91,4951855.6035,1.0
78,2018-07-18,2745,3.0,0,0.0,0.0239,0.0,0,18.62,20.33,19.3,2.39,20.33,464143.59,8957971.287,1.0
79,2018-07-19,2745,8.0,0,0.0,-0.0104,0.0,0,19.1,19.67,19.1,-1.04,20.33,308997.66,5901855.306,1.0
80,2018-07-23,2745,23.0,0,0.0,-0.0246,0.0,0,18.8,18.97,18.63,-2.46,20.33,225700.0,4204791.0,1.0
81,2018-07-24,2745,21.0,0,0.0,-0.015,0.0,1,18.52,18.65,18.35,-1.5,20.33,228841.77,4199246.4795,1.0
82,2018-07-25,2745,5.0,0,0.0,0.0087,0.0,0,18.34,18.65,18.51,0.87,20.33,237535.16,4396775.811600001,1.0
83,2018-07-26,2745,9.0,0,0.0,-0.0027,0.0,1,18.35,18.77,18.46,-0.27,20.33,202103.16,3730824.3336,1.0
84,2018-07-27,2745,14.0,0,0.0,-0.0087,0.0,0,18.33,18.44,18.3,-0.87,20.33,77548.0,1419128.4000000001,1.0
85,2018-07-30,2745,3.0,0,0.0,-0.0087,0.0,0,18.3,18.5,18.14,-0.87,20.33,76565.0,1388889.1,1.0
86,2018-07-31,2745,1.0,0,0.0,0.0276,0.0,1,18.0,18.98,18.64,2.76,20.33,254420.95,4742406.508,1.0
87,2018-08-01,2745,7.0,0,0.0,-0.0102,0.0,1,18.47,18.89,18.45,-1.02,20.33,204905.77,3780511.4565,1.0
88,2018-08-02,2745,7.0,0,0.0,-0.0238,0.0,1,18.37,18.39,18.01,-2.38,20.33,151431.0,2727272.31,1.0
89,2018-08-03,2745,6.0,0,0.0,-0.0072,0.0,1,17.95,18.28,17.88,-0.72,20.33,140676.0,2515286.88,1.0
90,2018-08-06,2745,22.0,0,0.0,-0.052000000000000005,0.0,0,17.55,17.74,16.95,-5.2,20.33,124341.8,2107593.51,1.0
91,2018-08-07,2745,7.0,0,16.9,-0.002949852507374673,-0.05586592178770955,1,16.9,17.64,17.44,2.89,20.33,176483.44,3077871.1936000003,1.0
312,2018-09-07,601225,1.0,1,0.0,1e-13,0.0,1,7.97,8.05,8.05,9.97,7.73,2281268.75,18364213.4375,1.0
313,2018-09-10,601225,16.0,0,0.0,-0.002503128911138981,0.0,1,7.99,8.05,7.97,-0.99,7.73,1059830.25,8446847.0925,1.0
314,2018-09-11,601225,14.0,0,0.0,-0.0163,0.0,1,7.96,7.96,7.84,-1.63,7.73,720597.31,5649482.9104,1.0
0,2018-09-17,728,3.0,1,0.0,1e-13,0.0,0,6.73,6.91,6.85,1.63,6.83,156442.3,1071629.755,1.0
1,2018-09-18,728,35.0,0,0.0,0.017621145374449355,0.0,1,6.81,6.97,6.93,1.17,6.83,149859.48,1038526.1964,1.0
2,2018-09-20,728,22.0,0,0.0,-0.0043,0.0,1,6.95,6.97,6.9,-0.43,6.83,95604.78,659672.9820000001,1.0
3,2018-09-21,728,35.0,0,0.0,0.0159,0.0,1,6.9,7.02,7.01,1.59,7.02,160986.88,1128518.0288,1.0
4,2018-09-25,728,36.0,0,6.94,-0.009985734664764536,0.0190895741556536,1,6.94,6.96,6.89,-1.71,7.02,89414.76,616067.6963999999,1.0
216,2018-11-13,600428,2.0,1,0.0,1e-13,0.0,1,3.4,3.57,3.55,3.2,3.54,135488.47,480984.0685,1.0
217,2018-11-14,600428,3.0,0,0.0,-0.016528925619834725,0.0,0,3.63,3.71,3.57,0.56,3.71,195442.31,697729.0467,1.0
218,2018-11-15,600428,6.0,0,0.0,0.0028000000000000004,0.0,1,3.55,3.6,3.58,0.28,3.71,115589.67,413811.0186,1.0
219,2018-11-19,600428,2.0,0,0.0,0.0084,0.0,1,3.62,3.64,3.61,0.84,3.71,85608.5,309046.685,1.0
220,2018-11-20,600428,6.0,0,0.0,-0.0332,0.0,1,3.6,3.6,3.49,-3.32,3.71,80362.0,280463.38,1.0
221,2018-11-21,600428,4.0,0,0.0,0.005699999999999999,0.0,1,3.48,3.53,3.51,0.57,3.71,66694.68,234098.32679999995,1.0
222,2018-11-23,600428,7.0,0,0.0,-0.0427,0.0,1,3.51,3.53,3.36,-4.27,3.71,101894.0,342363.83999999997,1.0
223,2018-11-26,600428,4.0,0,3.39,0.008928571428571503,-0.06611570247933872,0,3.39,3.45,3.4,1.19,3.71,56110.59,190776.006,1.0
343,2018-12-14,603177,1.0,1,0.0,1e-13,0.0,0,9.69,10.75,10.75,10.03,10.56,91257.79,981021.2424999999,1.0
344,2018-12-17,603177,4.0,0,0.0,0.03944954128440365,0.0,1,10.9,11.67,11.33,5.39,11.67,151959.91,1721705.7803,1.0
345,2018-12-18,603177,48.0,0,0.0,-0.07150000000000001,0.0,1,10.84,11.04,10.52,-7.15,11.67,88340.91,929346.3732,1.0
346,2018-12-19,603177,9.0,0,0.0,-0.001,0.0,1,10.62,10.67,10.51,-0.1,11.67,58929.52,619349.2551999999,1.0
347,2018-12-20,603177,45.0,0,0.0,-0.0086,0.0,1,10.3,10.54,10.42,-0.86,11.67,37580.52,391589.01839999994,1.0
348,2018-12-21,603177,37.0,0,0.0,-0.0192,0.0,1,10.33,10.33,10.22,-1.92,11.67,30081.0,307427.82,1.0
349,2018-12-24,603177,16.0,0,10.35,0.012720156555772895,-0.05045871559633031,1,10.35,10.35,10.33,1.08,11.67,28287.0,292204.71,1.0
196,2018-12-25,600345,17.0,1,0.0,1e-13,0.0,0,21.0,22.2,22.07,3.66,21.98,111520.98,2461268.0286,1.0
197,2018-12-26,600345,30.0,0,0.0,-0.014155251141552453,0.0,1,21.9,22.16,21.59,-2.17,21.98,75648.06,1633241.6154,1.0
198,2018-12-27,600345,4.0,0,0.0,0.0227,0.0,0,21.93,22.5,22.08,2.27,21.98,109894.15,2426462.8319999995,1.0
199,2018-12-28,600345,19.0,0,21.95,-0.005887681159420246,0.002283105022831133,1,21.95,22.66,22.24,0.72,21.98,95352.59,2120641.6015999997,1.0
72,2019-03-12,2734,3.0,1,0.0,1e-13,0.0,1,13.21,13.86,13.57,3.19,13.38,46771.76,634692.7832000001,1.0
73,2019-03-13,2734,9.0,0,0.0,-0.02327272727272729,0.0,0,13.75,14.44,13.43,-1.03,14.44,59028.77,792756.3810999999,1.0
74,2019-03-14,2734,29.0,0,13.42,-0.0007446016381235879,-0.024000000000000018,0,13.42,13.61,12.87,-4.17,14.44,36455.85,469186.78949999996,1.0
5,2019-03-27,739,5.0,1,0.0,1e-13,0.0,1,10.4,11.45,11.45,9.99,11.07,333515.47,3818752.1314999997,1.0
6,2019-03-28,739,54.0,0,0.0,-0.034210526315789525,0.0,1,11.4,11.59,11.01,-3.84,11.07,235950.52,2597815.2251999998,1.0
7,2019-03-29,739,60.0,0,0.0,0.01,0.0,1,10.98,11.3,11.12,1.0,11.07,234706.62,2609937.6144,1.0
8,2019-04-01,739,59.0,0,0.0,0.0189,0.0,1,11.09,11.63,11.33,1.89,11.07,227181.56,2573967.0748,1.0
224,2019-04-01,600466,8.0,1,0.0,1e-13,0.0,1,7.48,8.1,7.74,4.88,7.66,603298.12,4669527.4488,2.0
225,2019-04-02,600466,42.0,0,0.0,-0.014102564102564032,0.0,0,7.8,7.94,7.69,-0.65,7.66,328141.84,2523410.7496,1.0
226,2019-04-03,600466,25.0,0,0.0,0.0156,0.0,1,7.63,7.97,7.81,1.56,7.66,382667.66,2988634.4245999996,1.0
227,2019-04-04,600466,31.0,0,0.0,-0.0013000000000000002,0.0,0,7.81,7.9,7.8,-0.13,7.66,377057.72,2941050.2159999995,1.0
228,2019-04-08,600466,28.0,0,0.0,-0.0128,0.0,1,7.88,7.95,7.7,-1.28,7.66,342876.09,2640145.893,1.0
229,2019-04-09,600466,2.0,0,0.0,0.0987,0.0,0,7.77,8.47,8.46,9.87,8.47,863509.44,7305289.8624,1.0
230,2019-04-10,600466,52.0,0,8.3,-0.01891252955082744,0.06410256410256432,0,8.3,8.43,8.18,-3.31,8.47,546238.31,4468229.3758000005,1.0
317,2019-04-17,601678,5.0,1,0.0,1e-13,0.0,1,7.89,8.71,8.71,9.97,8.65,1562294.12,13607581.785200002,2.0
355,2019-04-17,603612,2.0,1,0.0,1e-13,0.0,1,16.25,16.96,16.89,4.07,16.8,170794.56,2884720.1184,1.0
318,2019-04-18,601678,111.0,0,0.0,-0.023310023310023232,0.0,1,8.58,8.73,8.38,-3.79,8.73,1153334.38,9664942.1044,2.0
356,2019-04-18,603612,3.0,0,0.0,0.010059171597633237,0.0,0,16.9,17.35,17.07,1.07,16.8,147591.64,2519389.2948000003,1.0
319,2019-04-19,601678,108.0,0,0.0,0.0036,0.0,1,8.18,8.63,8.26,0.36,8.73,891492.19,7363725.489399999,2.0
357,2019-04-19,603612,12.0,0,0.0,-0.016399999999999998,0.0,0,17.28,17.37,16.79,-1.64,17.37,108342.64,1819072.9256,1.0
320,2019-04-22,601678,24.0,0,0.0,0.0036,0.0,0,8.1,8.58,8.29,0.36,8.73,904293.94,7496596.762599999,2.0
358,2019-04-22,603612,11.0,0,0.0,-0.0369,0.0,1,16.78,17.13,16.17,-3.69,17.37,89906.1,1453781.6370000003,1.0
321,2019-04-23,601678,109.0,0,0.0,-0.0639,0.0,1,8.25,8.26,7.76,-6.39,8.73,785714.81,6097146.925600001,2.0
359,2019-04-23,603612,12.0,0,16.33,0.009894867037723968,-0.03372781065088759,1,16.33,16.42,15.33,-5.2,17.37,116336.99,1783446.0567,1.0
322,2019-04-24,601678,16.0,0,7.78,0.0025773195876289253,-0.0932400932400932,1,7.78,8.15,8.09,4.25,8.73,659664.88,5336688.8792,2.0
352,2019-04-24,603488,3.0,1,0.0,1e-13,0.0,1,9.8,10.71,10.71,9.96,10.26,83126.0,890279.4600000001,1.0
353,2019-04-25,603488,91.0,0,0.0,-0.0937215650591446,0.0,1,10.99,11.35,9.96,-7.0,11.35,160432.06,1597903.3176000002,1.0
354,2019-04-26,603488,85.0,0,9.47,-0.049196787148594386,-0.13830755232029113,1,9.47,9.86,9.66,-3.01,11.35,93671.35,904865.241,1.0
231,2019-06-10,600531,1.0,1,0.0,1e-13,0.0,1,5.61,5.61,5.61,10.0,5.14,1352722.38,7588772.5518,2.0
329,2019-06-10,603110,1.0,1,0.0,1e-13,0.0,1,14.53,15.76,15.76,9.98,15.65,85841.7,1352865.192,1.0
232,2019-06-11,600531,1.0,0,0.0,0.05486725663716807,0.0,1,5.65,6.16,5.96,6.24,5.14,2155049.75,12844096.51,2.0
330,2019-06-11,603110,5.0,0,0.0,0.03668564199873498,0.0,1,15.81,17.3,16.39,4.0,17.3,110912.66,1817858.4974000002,1.0
233,2019-06-12,600531,9.0,0,0.0,-0.0101,0.0,1,5.79,6.28,5.9,-1.01,6.28,1981155.62,11688818.158000002,2.0
331,2019-06-12,603110,12.0,0,0.0,-0.029900000000000006,0.0,1,15.81,16.24,15.9,-2.99,17.3,64884.86,1031669.274,1.0
234,2019-06-13,600531,12.0,0,0.0,-0.0424,0.0,0,5.71,5.88,5.65,-4.24,6.28,1171300.5,6617847.825,2.0
332,2019-06-13,603110,4.0,0,0.0,0.0101,0.0,1,15.68,16.14,16.06,1.01,17.3,39562.77,635378.0861999999,1.0
235,2019-06-14,600531,1.0,0,0.0,0.0354,0.0,0,5.7,6.04,5.85,3.54,6.28,1381352.75,8080913.587499999,2.0
333,2019-06-14,603110,7.0,0,0.0,-0.022400000000000003,0.0,1,16.24,16.28,15.7,-2.24,17.3,38334.97,601859.029,1.0
236,2019-06-17,600531,9.0,0,0.0,-0.0171,0.0,0,5.65,5.99,5.75,-1.71,6.28,996473.75,5729724.0625,2.0
334,2019-06-17,603110,12.0,0,0.0,-0.0159,0.0,0,15.33,15.79,15.45,-1.59,17.3,15978.06,246861.02699999997,1.0
237,2019-06-18,600531,10.0,0,0.0,-0.0244,0.0,0,5.71,5.84,5.61,-2.44,6.28,902443.62,5062708.7082,2.0
335,2019-06-18,603110,15.0,0,0.0,-0.0472,0.0,0,15.32,15.35,14.72,-4.72,17.3,33957.66,499856.7552000001,1.0
238,2019-06-19,600531,12.0,0,0.0,-0.0356,0.0,0,5.48,5.62,5.41,-3.56,6.28,757769.56,4099533.3196000005,2.0
336,2019-06-19,603110,14.0,0,14.57,-0.010190217391304372,-0.07843137254901966,1,14.57,14.9,14.6,1.11,17.3,29603.0,432203.8,1.0
239,2019-06-20,600531,6.0,0,0.0,0.0129,0.0,1,5.57,5.65,5.48,1.29,6.28,777025.31,4258098.6988,1.0
240,2019-06-21,600531,3.0,0,0.0,0.0292,0.0,1,5.54,5.88,5.64,2.92,6.28,1146484.25,6466171.17,1.0
241,2019-06-24,600531,7.0,0,0.0,-0.0035,0.0,0,5.65,5.82,5.62,-0.35,6.28,752718.5,4230277.97,1.0
242,2019-06-25,600531,3.0,0,0.0,0.0338,0.0,0,5.71,6.07,5.81,3.38,6.28,1330980.62,7732997.4022,1.0
243,2019-06-26,600531,12.0,0,0.0,-0.1005,0.0,1,5.52,5.53,5.19,-10.05,6.28,933615.94,4845466.7286,1.0
244,2019-06-27,600531,10.0,0,5.12,-0.013487475915221632,-0.09380530973451327,0,5.12,5.24,5.15,-0.77,6.28,494236.0,2545315.4000000004,1.0
9,2019-07-01,859,2.0,1,0.0,1e-13,0.0,1,5.07,5.39,5.39,10.0,5.3,533192.75,2873908.9225,5.0
21,2019-07-01,2198,2.0,1,0.0,1e-13,0.0,1,7.01,7.4,7.38,7.27,7.3,219637.16,1620922.2408,4.0
47,2019-07-01,2473,1.0,1,0.0,1e-13,0.0,1,8.39,9.02,9.02,10.0,8.89,26766.06,241429.8612,1.0
57,2019-07-01,2581,7.0,1,0.0,1e-13,0.0,1,6.81,6.99,6.99,3.71,6.96,56268.59,393317.44409999996,2.0
113,2019-07-01,2895,23.0,1,0.0,1e-13,0.0,1,11.8,12.28,12.22,5.25,12.13,86531.26,1057411.9972,3.0
10,2019-07-02,859,22.0,0,0.0,-0.061403508771929925,0.0,0,5.7,5.84,5.35,-0.74,5.84,1011516.19,5411611.6165,5.0
22,2019-07-02,2198,48.0,0,0.0,-0.010869565217391313,0.0,0,7.36,7.66,7.28,-1.35,7.66,260173.2,1894060.8960000002,4.0
48,2019-07-02,2473,30.0,0,0.0,-0.04725274725274722,0.0,0,9.1,9.1,8.67,-3.88,9.1,66553.34,577017.4578,2.0
58,2019-07-02,2581,15.0,0,0.0,0.002861230329041427,0.0,1,6.99,7.11,7.01,0.29,6.96,56455.34,395751.9334,1.0
114,2019-07-02,2895,11.0,0,0.0,0.03471074380165288,0.0,1,12.1,12.73,12.52,2.46,12.13,99780.32,1249249.6064,3.0
11,2019-07-03,859,2.0,0,5.22,-0.02429906542056073,-0.08421052631578951,0,5.22,5.6,5.51,2.99,5.84,679750.06,3745422.8306,5.0
23,2019-07-03,2198,49.0,0,0.0,-0.0275,0.0,1,7.3,7.3,7.08,-2.75,7.66,101832.93,720977.1444,2.0
49,2019-07-03,2473,23.0,0,0.0,-0.0196,0.0,1,8.7,8.76,8.5,-1.96,9.1,28800.4,244803.40000000002,1.0
59,2019-07-03,2581,1.0,0,0.0,0.0385,0.0,0,7.01,7.48,7.28,3.85,7.48,163002.06,1186654.9968,3.0
115,2019-07-03,2895,17.0,0,0.0,0.0088,0.0,0,12.31,12.82,12.63,0.88,12.13,98281.98,1241301.4074,4.0
24,2019-07-04,2198,2.0,0,0.0,0.0127,0.0,0,7.09,7.42,7.17,1.27,7.66,123378.35,884622.7695,3.0
50,2019-07-04,2473,27.0,0,8.55,0.005882352941176554,-0.060439560439560336,1,8.55,8.59,8.4,-1.18,9.1,19662.38,165163.99200000003,1.0
60,2019-07-04,2581,26.0,0,0.0,-0.033,0.0,1,7.23,7.27,7.04,-3.3,7.48,123356.9,868432.576,2.0
116,2019-07-04,2895,32.0,0,0.0,0.004,0.0,0,12.77,12.77,12.68,0.4,12.13,79997.77,1014371.7236,4.0
25,2019-07-05,2198,39.0,0,0.0,-0.0028000000000000004,0.0,1,7.2,7.22,7.15,-0.28,7.66,66602.94,476211.02100000007,2.0
61,2019-07-05,2581,28.0,0,0.0,-0.0156,0.0,1,7.0,7.03,6.93,-1.56,7.48,51535.61,357141.7773,1.0
117,2019-07-05,2895,106.0,0,0.0,-0.0158,0.0,1,12.6,12.85,12.48,-1.58,12.13,65230.25,814073.52,3.0
26,2019-07-08,2198,15.0,0,0.0,-0.022400000000000003,0.0,1,7.15,7.15,6.99,-2.24,7.66,75206.16,525691.0584000001,1.0
62,2019-07-08,2581,28.0,0,0.0,-0.0635,0.0,1,6.83,6.83,6.49,-6.35,7.48,82833.52,537589.5448,2.0
118,2019-07-08,2895,17.0,0,0.0,-0.011200000000000002,0.0,1,12.51,12.84,12.34,-1.12,12.13,70748.73,873039.3282,3.0
63,2019-07-09,2581,8.0,0,6.42,-0.010785824345146423,-0.0815450643776825,0,6.42,6.55,6.52,0.46,7.48,37401.88,243860.25759999995,1.0
119,2019-07-09,2895,36.0,0,0.0,0.0235,0.0,0,12.5,12.67,12.63,2.35,12.13,88260.06,1114724.5578,2.0
120,2019-07-10,2895,90.0,0,0.0,-0.0182,0.0,1,12.92,13.3,12.4,-1.82,12.13,116104.97,1439701.628,1.0
121,2019-07-11,2895,3.0,0,12.58,0.014516129032258041,0.03966942148760344,0,12.58,13.58,13.36,7.74,12.13,182318.5,2435775.1599999997,1.0
360,2019-07-15,603678,7.0,1,0.0,1e-13,0.0,1,21.99,23.0,22.88,4.71,22.84,52467.2,1200449.5359999998,1.0
361,2019-07-16,603678,6.0,0,0.0,0.05720620842572058,0.0,0,22.55,24.36,23.84,4.2,24.36,81452.88,1941836.6592,1.0
362,2019-07-17,603678,80.0,0,0.0,-0.0017,0.0,1,23.67,24.25,23.8,-0.17,24.36,61504.04,1463796.152,1.0
363,2019-07-18,603678,15.0,0,0.0,0.0004,0.0,0,23.56,23.96,23.81,0.04,24.36,38953.3,927478.073,1.0
170,2019-07-19,600048,1.0,1,0.0,1e-13,0.0,1,14.22,14.44,14.38,6.12,13.96,2010707.88,28913979.3144,2.0
364,2019-07-19,603678,79.0,0,0.0,-0.008,0.0,0,23.9,24.28,23.62,-0.8,24.36,40814.12,964029.5144000001,1.0
171,2019-07-22,600048,5.0,0,0.0,0.006944444444444421,0.0,0,14.4,14.85,14.5,0.83,14.85,1202744.5,17439795.25,2.0
365,2019-07-22,603678,14.0,0,0.0,-0.0009,0.0,1,23.9,23.96,23.6,-0.09,24.36,36065.4,851143.4400000001,1.0
172,2019-07-23,600048,27.0,0,0.0,-0.0138,0.0,0,14.48,14.56,14.3,-1.38,14.85,932369.5,13332883.850000001,2.0
366,2019-07-23,603678,46.0,0,0.0,0.0212,0.0,1,23.53,24.31,24.1,2.12,24.36,37545.21,904839.561,1.0
159,2019-07-24,300735,5.0,1,0.0,1e-13,0.0,1,19.66,21.46,20.77,5.65,20.12,227004.52,4714883.8804,2.0
173,2019-07-24,600048,17.0,0,0.0,0.0007000000000000001,0.0,1,14.38,14.47,14.31,0.07,14.85,707628.25,10126160.2575,3.0
367,2019-07-24,603678,24.0,0,0.0,0.0365,0.0,1,24.28,25.17,24.98,3.65,24.36,57484.65,1435966.557,1.0
151,2019-07-25,300474,42.0,1,0.0,1e-13,0.0,1,41.47,42.38,42.09,1.91,41.68,60188.16,2533319.6544000003,3.0
160,2019-07-25,300735,37.0,0,0.0,0.007733204446592563,0.0,1,20.69,21.35,20.85,0.39,20.12,173843.44,3624635.7240000004,4.0
174,2019-07-25,600048,10.0,0,0.0,0.0035,0.0,1,14.36,14.37,14.36,0.35,14.85,597925.94,8586216.498399999,5.0
323,2019-07-25,603096,1.0,1,0.0,1e-13,0.0,1,58.71,60.3,60.27,2.66,60.18,4738.2,285571.314,1.0
368,2019-07-25,603678,104.0,0,25.18,0.008006405124099251,0.11662971175166305,0,25.18,25.18,24.65,-1.32,25.18,39890.29,983295.6485,2.0
152,2019-07-26,300474,71.0,0,0.0,-0.013475177304964545,0.0,0,42.3,42.38,41.73,-0.85,41.68,33459.26,1396254.9198,2.0
161,2019-07-26,300735,2.0,0,0.0,0.0307,0.0,1,20.94,21.89,21.49,3.07,20.12,177987.36,3824948.3663999992,3.0
175,2019-07-26,600048,3.0,0,0.0,0.0084,0.0,1,14.2,14.57,14.48,0.84,14.85,622115.12,9008226.9376,4.0
324,2019-07-26,603096,18.0,0,0.0,-0.012112161937945976,0.0,0,60.27,60.47,59.54,-1.21,60.47,1312.0,78116.48,1.0
153,2019-07-29,300474,54.0,0,0.0,0.008100000000000001,0.0,0,42.0,42.58,42.07,0.81,42.58,34604.12,1455795.3284000002,2.0
162,2019-07-29,300735,2.0,0,0.0,0.1001,0.0,0,21.6,23.64,23.64,10.01,20.12,240024.69,5674183.6716,3.0
176,2019-07-29,600048,4.0,0,0.0,-0.0007000000000000001,0.0,1,14.44,14.56,14.47,-0.07,14.85,488346.47,7066373.4209,4.0
325,2019-07-29,603096,5.0,0,0.0,0.0007000000000000001,0.0,0,60.06,60.36,59.58,0.07,60.47,1920.53,114425.1774,1.0
154,2019-07-30,300474,106.0,0,41.69,-0.009032564772997444,-0.014420803782505875,0,41.69,42.08,41.05,-2.42,42.58,34888.62,1432177.851,2.0
163,2019-07-30,300735,53.0,0,0.0,-0.0068000000000000005,0.0,0,24.0,24.7,23.48,-0.68,20.12,323744.75,7601526.73,4.0
177,2019-07-30,600048,6.0,0,0.0,0.0104,0.0,1,14.46,14.71,14.62,1.04,14.85,490532.28,7171581.9336,3.0
326,2019-07-30,603096,19.0,0,0.0,-0.0013000000000000002,0.0,0,59.44,59.72,59.5,-0.13,60.47,2058.19,122462.30500000001,1.0
164,2019-07-31,300735,7.0,0,0.0,0.034100000000000005,0.0,0,23.49,24.28,24.28,3.41,20.12,243204.34,5905001.375200001,2.0
178,2019-07-31,600048,22.0,0,0.0,-0.028,0.0,1,14.43,14.43,14.21,-2.8,14.85,996818.06,14164784.632600002,3.0
327,2019-07-31,603096,18.0,0,0.0,-0.0235,0.0,1,58.62,59.48,58.1,-2.35,60.47,2276.96,132291.37600000002,1.0
165,2019-08-01,300735,20.0,0,0.0,0.0049,0.0,0,24.05,24.49,24.4,0.49,20.12,194843.41,4754179.204,2.0
179,2019-08-01,600048,27.0,0,0.0,-0.0267,0.0,1,14.1,14.22,13.83,-2.67,14.85,1050505.88,14528496.320399998,3.0
328,2019-08-01,603096,19.0,0,57.9,-0.003442340791738431,-0.03932304629168748,1,57.9,58.5,57.29,-1.39,60.47,2044.05,117103.62449999999,1.0
166,2019-08-02,300735,65.0,0,0.0,-0.0479,0.0,1,23.47,23.76,23.23,-4.79,20.12,214275.44,4977618.4712000005,1.0
180,2019-08-02,600048,3.0,0,13.6,-0.016630513376717313,-0.05555555555555558,1,13.6,13.92,13.82,-0.07,14.85,829014.56,11456981.2192,2.0
167,2019-08-05,300735,17.0,0,0.0,0.0108,0.0,0,23.25,24.15,23.48,1.08,20.12,184545.92,4333138.2016,1.0
168,2019-08-06,300735,2.0,0,0.0,0.0728,0.0,0,22.95,25.45,25.19,7.28,20.12,280883.69,7075460.1511,1.0
169,2019-08-07,300735,59.0,0,25.0,-0.007542675664946458,0.20831319478008686,1,25.0,25.1,24.3,-3.53,20.12,213857.42,5196735.306000001,1.0
51,2019-09-03,2518,1.0,1,0.0,1e-13,0.0,0,7.99,8.75,8.75,10.06,8.64,156763.34,1371679.2249999999,1.0
52,2019-09-04,2518,16.0,0,0.0,-0.01999999999999997,0.0,1,9.0,9.0,8.82,0.8,8.64,214416.98,1891157.7636000002,1.0
53,2019-09-05,2518,42.0,0,0.0,-0.0091,0.0,0,8.8,8.95,8.74,-0.91,8.64,128343.85,1121725.249,1.0
54,2019-09-06,2518,11.0,0,0.0,0.0183,0.0,1,8.83,8.91,8.9,1.83,8.64,91714.42,816258.338,1.0
55,2019-09-09,2518,7.0,0,0.0,0.0449,0.0,0,9.01,9.39,9.3,4.49,8.64,145805.45,1355990.6850000003,1.0
56,2019-09-10,2518,12.0,0,9.34,0.0043010752688171115,0.03777777777777769,0,9.34,9.37,9.37,0.75,8.64,86177.03,807478.7710999999,1.0
27,2019-10-22,2235,6.0,1,0.0,1e-13,0.0,0,8.8,9.62,9.31,5.79,9.18,873806.88,8135142.052800001,1.0
28,2019-10-23,2235,33.0,0,0.0,-0.0021786492374727207,0.0,0,9.18,9.33,9.16,-1.61,9.18,570330.75,5224229.67,1.0
29,2019-10-24,2235,44.0,0,0.0,-0.049100000000000005,0.0,0,9.02,9.06,8.71,-4.91,9.18,494511.75,4307197.3425,1.0
30,2019-10-25,2235,26.0,0,8.65,-0.006888633754305452,-0.057734204793028265,0,8.65,8.93,8.71,0.0,9.18,331543.47,2887743.6237,1.0
192,2019-11-19,600261,2.0,1,0.0,1e-13,0.0,1,4.36,4.57,4.55,3.88,4.53,214614.98,976498.159,1.0
193,2019-11-20,600261,8.0,0,0.0,-0.006564551422319529,0.0,1,4.57,4.61,4.54,-0.22,4.53,139934.16,635301.0864,1.0
194,2019-11-21,600261,4.0,0,0.0,0.0154,0.0,0,4.55,4.61,4.61,1.54,4.53,129093.5,595121.035,1.0
195,2019-11-22,600261,30.0,0,4.65,0.008676789587852502,0.017505470459518557,1,4.65,4.65,4.35,-5.64,4.65,348255.12,1514909.7719999999,1.0
34,2019-12-05,2276,7.0,1,0.0,1e-13,0.0,1,6.61,6.92,6.85,3.47,6.75,432594.56,2963272.736,1.0
35,2019-12-06,2276,43.0,0,0.0,0.013235294117647038,0.0,1,6.8,6.97,6.89,0.58,6.75,370589.53,2553361.8617000002,1.0
36,2019-12-09,2276,96.0,0,0.0,-0.0058,0.0,1,6.9,6.94,6.85,-0.58,6.75,248860.41,1704693.8085,1.0
37,2019-12-10,2276,7.0,0,0.0,0.0336,0.0,0,6.82,7.14,7.08,3.36,6.75,430532.81,3048172.2948,1.0
315,2019-12-24,601311,6.0,1,0.0,1e-13,0.0,1,9.08,9.86,9.64,6.17,9.5,283018.53,2728298.6292000003,1.0
316,2019-12-25,601311,91.0,0,0.0,-0.004166666666666578,0.0,1,9.6,9.72,9.56,-0.83,9.5,167518.84,1601480.1104000001,1.0
155,2019-12-26,300543,27.0,1,0.0,1e-13,0.0,1,22.78,23.4,23.33,2.01,23.12,32585.21,760212.9493,2.0
157,2019-12-26,300626,26.0,1,0.0,1e-13,0.0,1,8.13,8.37,8.3,2.09,8.26,57880.25,480406.07500000007,1.0
350,2019-12-26,603328,10.0,1,0.0,1e-13,0.0,1,11.1,11.82,11.82,5.91,11.67,294690.19,3483238.0458,3.0
156,2019-12-27,300543,89.0,0,0.0,-0.012942191544434888,0.0,1,23.18,23.52,22.88,-1.93,23.12,22508.52,514994.9376,2.0
158,2019-12-27,300626,17.5,0,0.0,0.002415458937198231,0.0,0,8.28,8.45,8.3,0.0,8.26,46959.45,389763.435,1.0
351,2019-12-27,603328,80.0,0,0.0,-0.027118644067796637,0.0,1,11.8,11.86,11.48,-2.88,11.67,223286.41,2563327.9868,3.0
