,date,Unnamed: 0,Unnamed: 0.1,Unnamed: 0.1.1,Unnamed: 0.1.1.1,below tendays min,buy,close,high,industry,industry ave profit,industry profit rank,industry profit rank in 2days,industry profit rank in 3days,industry profit rank in 4days,industry profit rank in 5days,industry profit rank in 6days,lefthighest,leftlowest,low,ma10,ma20,ma5,open,over tendays max,p_change,prev close,prev5days high,prev5days low,price_change,profit,righthighest,rightlowest,stock,tendays max,tendays min,v_ma10,v_ma20,v_ma5,volume,化工原料,医疗保健,建筑工程,trading value,trading value rank
140,2019-09-20,58,,,,,0,11.8,11.88,,0.0008321496626277586,170.0,146.5,136.33333333333334,144.5,119.2,119.83333333333331,11.88,10.55,11.39,11.017000000000001,10.229,11.312000000000001,11.73,,1.72,11.6,11.88,10.55,0.2,0.005967604433077603,12.9,11.39,2456,11.58,10.55,1908859.55,1623902.46,1849731.62,1995443.25,,,,23546230.35,3.0
239,2019-09-20,58,,,,,0,40.11,41.0,,0.0008321496626277586,158.0,94.0,95.66666666666669,113.75,105.2,93.66666666666669,41.16,37.46,39.88,39.591,38.602,39.746,41.0,,-2.29,41.05,41.16,37.46,-0.94,-0.021707317073170744,41.81,36.29,2952,40.49,37.46,36838.82,31372.85,40828.02,35344.28,,,,1417659.0707999999,1.0
242,2019-09-20,53,,,,,0,35.55,35.88,,0.010508758679291864,45.0,40.0,46.66666666666666,50.5,50.8,51.5,36.05,33.5,35.3,34.38,34.095,34.688,35.75,,-0.06,35.57,36.05,33.5,-0.02,-0.005594405594405674,36.25,34.71,300015,34.85,33.5,126694.12,138678.4,129355.28,117387.28,,,,4173117.8039999995,2.0
141,2019-09-23,57,,,,,0,12.49,12.55,,0.00113887849669131,43.0,106.5,112.0,113.0,124.2,106.5,12.55,10.55,11.58,11.270999999999999,10.373,11.572000000000001,11.7,,5.85,11.8,11.88,10.55,0.69,0.0067796610169491575,12.9,11.39,2456,11.58,10.55,1971109.31,1641004.06,1934985.77,2028559.25,,,,25336705.0325,4.0
240,2019-09-23,57,,,,,0,41.55,41.56,,0.00113887849669131,14.0,86.0,67.33333333333333,75.25,93.8,90.0,41.56,37.46,38.98,39.9,38.744,40.186,40.12,1.0,3.59,40.11,41.16,37.46,1.44,0.02617801047120412,41.81,36.29,2952,40.49,37.46,37719.82,31394.72,43576.66,38304.71,,,,1591560.7004999998,2.0
243,2019-09-23,52,,,,,0,35.29,35.74,,-0.01448221852363523,42.0,43.5,40.66666666666666,45.5,48.8,49.33333333333334,36.05,33.5,34.93,34.519,34.181,34.912,35.63,,-0.73,35.55,36.05,33.5,-0.26,-0.0073,36.25,34.71,300015,34.85,33.5,125822.52,133901.34,132120.37,95562.06,,,,3372385.0974,3.0
621,2019-09-23,57,,,,,0,11.97,12.11,,-0.0015168695568867556,32.0,29.0,27.0,27.0,27.8,27.83333333333333,12.18,11.53,11.91,11.817,12.130999999999998,11.866,12.05,,-0.75,12.06,12.18,11.53,-0.09,-0.006639004149377599,12.51,11.73,603326,11.95,11.53,36340.89,54435.89,42055.92,41513.7,,,,496918.989,1.0
244,2019-09-24,51,,,,,0,35.75,35.78,,0.01815270910620249,46.0,44.0,44.33333333333334,42.0,45.6,48.33333333333334,36.05,33.5,35.29,34.661,34.293,35.334,35.45,,1.3,35.29,36.05,33.5,0.46,0.013,36.25,34.71,300015,34.85,33.5,120908.56,132409.27,135860.22,104982.53,,,,3753125.4475,2.0
622,2019-09-24,56,,,,,0,12.11,12.22,,0.019449681924646297,38.0,35.0,32.0,29.75,29.2,29.5,12.22,11.53,11.95,11.844,11.992,11.962,11.97,,1.17,11.97,12.18,11.53,0.14,0.01754385964912273,12.51,11.62,603326,11.95,11.53,36072.88,51697.31,43748.3,37469.39,,,,453754.31289999996,1.0
245,2019-09-25,50,,,,,0,35.26,36.25,,0.029729276329714324,70.0,58.0,52.66666666666666,50.75,47.6,49.66666666666666,36.25,33.5,35.11,34.757,34.355,35.484,35.55,,-1.37,35.75,36.05,33.5,-0.49,-0.013700000000000002,36.25,34.71,300015,36.25,33.5,120870.34,130205.14,129878.72,134806.45,,,,4753275.427,1.0
246,2019-09-26,49,,,,,0,35.35,35.87,,-0.004470571114798208,17.0,43.5,44.33333333333334,43.75,44.0,42.5,36.25,34.68,35.04,34.896,34.418,35.44,35.41,,0.26,35.26,36.25,34.68,0.09,0.0026000000000000003,36.95,34.71,300015,36.25,33.5,116828.49,130219.31,109499.3,94758.17,,,,3349701.3095,1.0
247,2019-09-27,48,,,,,0,35.16,35.45,,0.007242744380363356,60.0,38.5,49.0,48.25,47.0,46.66666666666666,36.25,34.71,34.71,35.025,34.511,35.36199999999999,35.38,,-0.54,35.35,36.25,34.93,-0.19,-0.0054,36.95,34.71,300015,36.25,34.71,116075.9,126836.66,102796.53,83873.43,,,,2948989.7987999995,1.0
248,2019-09-30,47,,,,,0,35.47,35.96,,-0.0017564326804811422,59.0,59.5,45.33333333333334,51.5,50.4,49.0,36.25,34.71,35.0,35.155,34.596,35.398,35.16,,0.88,35.16,36.25,34.71,0.31,0.0088,37.17,35.0,300015,36.25,34.71,119239.66,122743.13,106358.94,113374.12,,,,4021380.0363999996,1.0
249,2019-10-08,46,,,,,0,36.08,36.19,,-0.006933858879659857,6.0,32.5,41.66666666666666,35.5,42.4,43.0,36.25,34.71,35.11,35.399,34.691,35.464,35.2,,1.72,35.47,36.25,34.71,0.61,0.01635184663095569,37.43,35.11,300015,36.25,34.71,121863.39,119875.29,107866.57,112520.67,,,,4059745.7736,1.0
525,2019-10-10,49,,,,,0,18.32,18.49,,-0.016314316886788634,24.0,22.5,22.33333333333333,24.0,23.6,24.33333333333333,18.54,17.36,18.22,17.705,17.717,17.96,18.25,,0.11,18.3,18.54,17.36,0.02,0.0038356164383561795,19.61,18.22,601166,18.17,17.21,703621.52,688408.94,858329.29,614600.44,,,,11259480.0608,1.0
526,2019-10-11,48,,,,,0,18.66,18.77,,-0.02774758734000922,15.0,19.5,20.0,20.5,22.2,22.16666666666667,18.77,17.38,18.38,17.814,17.758,18.154,18.47,,1.86,18.32,18.54,17.38,0.34,0.0186,19.61,18.38,601166,18.17,17.21,754638.57,679218.81,939705.44,1070897.0,,,,19982938.02,1.0
50,2019-10-14,47,,,,,0,12.96,13.28,,0.01000387042209436,95.0,54.5,57.0,62.0,69.8,68.0,13.36,11.77,12.84,12.333,12.247,12.675999999999998,12.97,,0.08,12.95,13.36,11.77,0.01,-0.0007710100231302843,13.88,12.65,739,12.94,11.26,144162.93,143706.01,122106.38,90869.86,,,,1177673.3856000002,1.0
400,2019-10-14,47,,,,,0,7.77,7.88,,-0.0009594769285100916,16.5,16.75,14.5,16.875,15.9,16.25,7.88,7.37,7.63,7.513,7.506,7.574,7.65,,2.1,7.61,7.62,7.37,0.16,0.015686274509803817,7.88,7.55,600015,7.88,7.37,220720.48,181767.24,290583.09,585795.69,,,,4551632.511299999,4.0
444,2019-10-14,47,,,,,0,3.85,4.03,,0.0172158622548624,9.0,7.5,7.666666666666668,7.25,7.5,7.416666666666668,4.03,3.52,3.84,3.661,3.708,3.692,3.84,,2.12,3.77,3.78,3.52,0.08,0.002604166666666727,4.03,3.59,600428,4.03,3.52,110165.57,109196.96,151824.87,388082.88,,,,1494119.088,2.0
527,2019-10-14,47,,,,,0,19.01,19.42,,-0.0009594769285100916,19.0,17.0,19.33333333333333,19.75,20.2,21.66666666666667,19.42,17.51,18.82,17.967,17.81,18.45,18.82,,1.88,18.66,18.77,17.51,0.35,0.0188,19.61,18.6,601166,18.17,17.21,855166.84,719024.31,1128838.1,1404091.12,,,,26691772.191200003,8.0
537,2019-10-14,47,,,,,0,3.56,3.6,,-0.0009594769285100916,27.0,15.0,14.666666666666664,15.0,12.4,12.166666666666664,3.6,3.46,3.54,3.4930000000000003,3.494,3.51,3.54,,0.85,3.53,3.54,3.46,0.03,0.005649717514124299,3.63,3.54,601288,3.52,3.46,2053265.21,2020113.46,2485961.68,4059276.5,,,,14451024.34,7.0
546,2019-10-14,47,,,,,0,5.72,5.77,,-0.0009594769285100916,16.5,11.25,13.166666666666664,12.625,10.9,10.25,5.77,5.48,5.64,5.568,5.545,5.614,5.65,,1.42,5.64,5.65,5.48,0.08,0.012389380530973344,5.79,5.64,601398,5.58,5.45,1462476.9,1455408.3,1416705.69,2195180.5,,,,12556432.459999999,6.0
572,2019-10-14,47,,,,,0,7.3,7.42,,-0.0009594769285100916,28.0,16.5,13.0,13.75,12.6,14.166666666666664,7.42,6.98,7.22,7.0920000000000005,7.084,7.174,7.22,,1.25,7.21,7.23,6.98,0.09,0.01108033240997231,7.44,7.19,601939,7.17,6.93,640017.16,601309.46,731266.12,1064484.75,,,,7770738.675,5.0
575,2019-10-14,47,,,,,0,9.05,9.23,,-0.0009594769285100916,15.0,11.0,15.0,17.0,16.8,17.833333333333332,9.23,8.49,8.95,8.655,8.642000000000001,8.82,8.99,,1.46,8.92,8.95,8.49,0.13,0.006674082313681925,9.23,8.68,601997,9.23,8.38,163105.1,132391.23,217287.84,437644.78,,,,3960685.2590000005,3.0
51,2019-10-15,46,,,,,0,13.17,13.5,,-0.0010796079191253117,9.0,52.0,39.333333333333336,45.0,51.4,59.66666666666666,13.5,11.77,12.94,12.475,12.296,12.922,13.1,,1.62,12.96,13.36,11.77,0.21,0.03086419753086408,13.88,12.65,739,12.94,11.26,145782.61,139549.7,132703.7,129312.56,,,,1703046.4152,4.0
401,2019-10-15,46,,,,,0,7.77,7.81,,0.009348551086611609,15.0,15.75,16.166666666666668,14.625,16.5,15.75,7.88,7.37,7.74,7.544,7.518,7.64,7.76,,0.0,7.77,7.88,7.37,0.0,-0.019305019305019242,7.87,7.55,600015,7.88,7.37,235482.58,187132.6,310283.93,251828.5,,,,1956707.4449999998,5.0
445,2019-10-15,46,,,,,0,3.84,3.95,,0.02115038135710041,5.0,7.0,6.666666666666668,7.0,6.8,7.083333333333332,4.03,3.52,3.82,3.676,3.708,3.75,3.82,,-0.26,3.85,4.03,3.52,-0.01,-0.018181818181818254,3.95,3.57,600428,4.03,3.52,125898.73,115593.25,186597.05,219713.91,,,,843701.4144,2.0
482,2019-10-15,46,,,,,0,4.95,5.04,,0.008301847614387679,39.0,29.5,23.66666666666667,24.0,25.4,28.0,5.04,4.75,4.93,4.878,4.884,4.954,5.03,,-1.0,5.0,5.04,4.75,-0.05,-0.015904572564612342,5.1,4.71,600828,4.98,4.75,17337.71,19449.36,21043.89,15715.92,,,,77793.804,1.0
498,2019-10-15,46,,,,,0,7.21,7.32,,0.009348551086611609,18.0,21.0,22.66666666666667,20.75,21.6,20.33333333333333,7.32,6.7,7.13,6.879,6.841,7.002000000000002,7.16,,0.42,7.18,7.26,6.7,0.03,0.006983240223463662,7.32,6.98,600919,7.32,6.68,370722.91,263305.23,561064.78,850869.69,,,,6134770.4649,7.0
538,2019-10-15,46,,,,,0,3.58,3.6,,0.009348551086611609,31.0,29.0,20.33333333333333,18.75,18.2,15.5,3.6,3.46,3.56,3.504,3.499,3.53,3.57,,0.56,3.56,3.6,3.46,0.02,-0.005617977528089893,3.63,3.56,601288,3.52,3.46,2196837.64,1979306.51,2631616.13,2453349.5,,,,8782991.21,10.0
539,2019-10-15,46,,,,,0,5.72,5.74,,0.009348551086611609,25.0,23.5,21.0,18.5,16.8,15.5,5.76,5.44,5.67,5.553,5.555,5.6160000000000005,5.69,,0.35,5.7,5.76,5.44,0.02,0.005272407732864561,5.78,5.61,601328,5.65,5.44,903862.97,755591.63,1074136.36,1085966.25,,,,6211726.95,8.0
547,2019-10-15,46,,,,,0,5.72,5.74,,0.009348551086611609,27.5,22.0,16.666666666666668,16.75,15.6,13.666666666666664,5.77,5.48,5.69,5.59,5.556,5.646,5.71,,0.0,5.72,5.77,5.48,0.0,-0.01223776223776213,5.81,5.66,601398,5.58,5.45,1475432.14,1413584.38,1394758.19,1143438.38,,,,6540467.533599999,9.0
573,2019-10-15,46,,,,,0,7.36,7.37,,0.009348551086611609,13.0,20.5,15.333333333333336,13.0,13.6,12.666666666666664,7.42,6.98,7.27,7.1320000000000014,7.098,7.23,7.3,,0.82,7.3,7.42,6.98,0.06,-0.009589041095890328,7.44,7.19,601939,7.17,6.93,667395.97,595498.66,727489.01,658126.75,,,,4843812.88,6.0
576,2019-10-15,46,,,,,0,9.04,9.09,,0.009348551086611609,14.0,14.5,12.0,14.75,16.4,16.333333333333332,9.23,8.49,8.98,8.715,8.662,8.904,9.04,,-0.11,9.05,9.23,8.49,-0.01,-0.0011,9.18,8.68,601997,9.23,8.38,175655.33,134919.35,230979.86,184572.98,,,,1668539.7392,3.0
483,2019-10-16,45,,,,,0,4.95,5.1,,0.005433753152155485,10.0,24.5,23.0,20.25,21.2,22.83333333333333,5.1,4.75,4.94,4.892,4.887,4.964,4.98,,0.0,4.95,5.04,4.75,0.0,0.018181818181818157,5.1,4.71,600828,5.1,4.75,18653.89,19455.22,22463.88,28325.73,,,,140212.3635,1.0
499,2019-10-16,45,,,,,0,7.15,7.31,,0.004137711238870775,9.0,13.5,17.0,19.25,18.4,19.5,7.32,6.71,7.12,6.921,6.855,7.064,7.25,,-0.83,7.21,7.32,6.71,-0.06,-0.0083,7.31,6.98,600919,7.32,6.68,418796.95,286953.86,623847.42,600975.69,,,,4296976.1835,3.0
529,2019-10-16,45,,,,,0,19.08,19.61,,0.004137711238870775,18.0,23.5,22.0,20.25,21.0,21.0,19.61,17.82,18.93,18.313,17.945,18.828,19.1,,0.05,19.07,19.42,17.82,0.01,0.01835343471421088,19.61,18.6,601166,19.61,17.21,951559.58,721479.31,981377.61,1045713.44,,,,19952212.4352,5.0
540,2019-10-16,45,,,,,0,5.71,5.78,,0.004137711238870775,16.0,20.5,21.0,19.75,18.0,16.666666666666668,5.78,5.46,5.67,5.574,5.562,5.65,5.73,,-0.17,5.72,5.76,5.46,-0.01,0.006993006993007,5.78,5.61,601328,5.78,5.44,939889.11,774127.23,1075015.53,897219.44,,,,5123123.0024,4.0
577,2019-10-16,45,,,,,0,8.95,9.18,,0.004137711238870775,11.0,12.5,13.333333333333336,11.75,14.0,15.5,9.23,8.55,8.9,8.767999999999999,8.679,8.943999999999997,9.07,,-1.0,9.04,9.23,8.55,-0.09,-0.01,9.18,8.68,601997,9.23,8.38,196868.71,145456.34,255022.85,299024.81,,,,2676272.0494999997,2.0
500,2019-10-17,44,,,,,0,7.1,7.23,,0.019547359874861503,27.0,18.0,18.0,19.5,20.8,19.83333333333333,7.32,6.82,7.09,6.952000000000001,6.864,7.114,7.2,,-0.7,7.15,7.32,6.82,-0.05,-0.006999999999999999,7.23,6.98,600919,7.32,6.68,443837.25,302057.96,692988.57,491759.19,,,,3491490.249,2.0
578,2019-10-17,44,,,,,0,8.9,8.97,,0.019547359874861503,9.0,10.0,11.333333333333336,12.25,11.2,13.166666666666664,9.23,8.68,8.85,8.807,8.689,8.972000000000003,8.94,,-0.56,8.95,9.23,8.68,-0.05,-0.005600000000000001,9.08,8.68,601997,9.23,8.38,191803.22,146024.24,261311.45,139627.48,,,,1242684.5720000002,1.0
501,2019-10-18,43,,,,,0,7.02,7.22,,-0.010956065254455206,14.0,20.5,16.666666666666668,17.0,18.4,19.666666666666668,7.32,6.83,7.01,6.975,6.8679999999999986,7.1320000000000014,7.14,,-1.13,7.1,7.32,6.83,-0.08,-0.0113,7.22,6.98,600919,7.32,6.68,473455.6,319572.05,706076.51,478288.62,,,,3357586.1124,2.0
579,2019-10-18,43,,,,,0,8.69,8.96,,-0.010956065254455206,28.0,18.5,16.0,15.5,15.4,14.0,9.23,8.68,8.68,8.818999999999997,8.686,8.926,8.91,,-2.36,8.9,9.23,8.74,-0.21,-0.0236,9.08,8.68,601997,9.23,8.68,205836.87,152193.5,260694.84,242604.14,,,,2108229.9766,1.0
502,2019-10-21,42,,,,,0,7.08,7.11,,0.0034961614173028947,7.0,10.5,16.0,14.25,15.0,16.5,7.32,6.98,7.0,7.0120000000000005,6.877999999999999,7.112,7.05,,0.85,7.02,7.32,6.98,0.06,0.0085,7.24,6.98,600919,7.32,6.68,486418.91,327687.15,546836.07,312287.16,,,,2210993.0927999998,2.0
580,2019-10-21,42,,,,,0,8.84,8.85,,0.0034961614173028947,26.0,27.0,21.0,18.5,17.6,17.166666666666668,9.23,8.68,8.68,8.852,8.691,8.884,8.72,,1.73,8.69,9.23,8.68,0.15,0.0173,9.14,8.68,601997,9.23,8.68,215273.88,157565.65,213259.93,200470.23,,,,1772156.8332,1.0
68,2019-10-22,41,,,,,0,19.3,19.39,,-0.0058341591808934645,5.0,7.5,9.333333333333334,9.0,8.0,8.5,19.6,18.0,18.9,18.604,18.123,18.656,19.19,,0.1,19.28,19.6,18.0,0.02,0.00573215216258465,22.7,18.73,876,19.19,18.0,399429.81,379376.63,380486.98,437280.62,,,,8439515.966,3.0
503,2019-10-22,41,,,,,0,7.03,7.1,,0.00020856620217475768,18.0,12.5,13.0,16.5,15.0,15.5,7.32,6.98,6.98,7.039,6.893,7.0760000000000005,7.08,,-0.71,7.08,7.32,7.0,-0.05,-0.0071,7.24,6.98,600919,7.32,6.98,497702.16,327839.88,434339.55,288387.09,,,,2027361.2427000003,2.0
581,2019-10-22,41,,,,,0,8.86,8.88,,0.00020856620217475768,28.0,27.0,27.33333333333333,22.75,20.4,19.33333333333333,9.18,8.68,8.78,8.876,8.705,8.847999999999997,8.88,,0.23,8.84,9.18,8.68,0.02,0.0023,9.24,8.78,601997,9.23,8.68,216005.53,156795.49,201031.2,123429.34,,,,1093583.9523999998,1.0
69,2019-10-23,40,,,,,0,19.25,19.85,,-0.0063754545412673036,8.0,6.5,7.666666666666668,9.0,8.8,8.0,19.85,18.0,19.13,18.733,18.175,18.828,19.36,,-0.26,19.3,19.6,18.0,-0.05,-0.0026000000000000003,23.15,18.73,876,19.19,18.0,413532.07,388807.04,419484.79,421339.31,,,,8110781.7175,6.0
298,2019-10-23,40,,,,,0,8.52,8.58,,0.0058655510612325,34.0,51.5,55.0,66.5,63.0,63.5,8.58,8.08,8.41,8.36,8.245,8.394,8.43,,-0.23,8.54,8.54,8.08,-0.02,0.010676156583629876,8.77,8.16,300254,8.5,8.08,32703.05,27692.46,37191.61,53498.5,,,,455807.22,2.0
322,2019-10-23,35,,,,,0,25.14,25.24,,-0.0008209587447178656,67.0,87.5,93.0,90.75,92.2,97.16666666666669,25.24,24.07,24.87,24.535,24.499,24.834,25.09,,0.2,25.09,25.14,24.07,0.05,0.0019928258270227464,26.64,24.87,300457,24.78,24.03,23573.76,24915.02,27233.26,31498.41,,,,791870.0274,3.0
484,2019-10-23,40,,,,,0,4.1,4.17,,0.004218439944234764,33.0,22.0,24.0,24.5,24.8,25.0,4.18,3.99,4.09,4.067,4.008,4.0939999999999985,4.15,,-1.68,4.17,4.18,3.99,-0.07,-0.012048192771084508,4.25,4.08,600836,4.16,3.8,49499.59,40157.17,47408.65,44048.0,,,,180596.8,1.0
504,2019-10-23,40,,,,,0,7.02,7.07,,-0.013728520230800472,14.0,16.0,13.0,13.25,16.0,14.833333333333336,7.31,6.98,6.99,7.057,6.9060000000000015,7.05,7.04,,-0.14,7.03,7.31,6.98,-0.01,-0.0014000000000000002,7.24,6.99,600919,7.32,6.98,491744.55,332656.88,359641.69,227486.39,,,,1596954.4578,5.0
582,2019-10-23,40,,,,,0,8.91,9.02,,-0.013728520230800472,22.0,25.0,25.33333333333333,26.0,22.6,20.666666666666668,9.18,8.68,8.84,8.892000000000003,8.721,8.84,8.87,,0.56,8.86,9.18,8.68,0.05,0.005600000000000001,9.25,8.84,601997,9.23,8.68,215625.42,161822.56,176228.0,175008.8,,,,1559328.4079999998,4.0
70,2019-10-24,39,,,,,0,19.29,19.55,,-0.03623784520449845,16.0,12.0,9.666666666666666,9.75,10.4,10.0,19.85,18.0,18.73,18.777,18.22,19.035999999999998,19.15,,0.21,19.25,19.85,18.0,0.04,0.0021,23.76,18.73,876,19.19,18.0,385540.13,396714.87,462501.65,409751.81,,,,7904112.414899999,7.0
204,2019-10-24,39,,,,,0,5.77,5.78,,-0.028890621679923026,4.0,4.5,4.666666666666667,4.25,4.4,4.833333333333333,5.85,5.39,5.62,5.625,5.6670000000000025,5.627999999999999,5.68,,0.87,5.72,5.85,5.39,0.05,0.015845070422535187,6.05,5.43,2696,5.7,5.39,49961.88,57742.17,58233.79,68466.29,,,,395050.4932999999,3.0
299,2019-10-24,39,,,,,0,8.41,8.5,,-0.006303905145062447,88.0,61.0,63.66666666666666,63.25,70.8,67.16666666666667,8.58,8.08,8.32,8.381,8.246,8.416,8.49,,-1.29,8.52,8.58,8.08,-0.11,-0.0129,8.77,8.02,300254,8.5,8.08,33690.91,28269.54,40242.93,30971.8,,,,260472.838,2.0
323,2019-10-24,34,,,,,0,25.15,25.3,,-0.0020281494047952944,125.0,96.0,100.0,101.0,97.6,97.66666666666669,25.3,24.17,24.9,24.63,24.518,24.916,25.14,,0.04,25.14,25.24,24.17,0.01,0.0004,27.36,24.9,300457,24.78,24.03,24432.55,24980.29,26519.95,26213.2,,,,659261.98,4.0
485,2019-10-24,39,,,,,0,4.16,4.17,,-0.005831061300767442,18.0,25.5,20.666666666666668,22.5,23.2,23.66666666666667,4.18,3.99,4.11,4.089,4.012,4.112,4.12,,1.46,4.1,4.18,3.99,0.06,0.0146,4.25,4.0,600836,4.16,3.8,52705.69,40228.02,50170.8,50763.0,,,,211174.08000000002,1.0
505,2019-10-24,39,,,,,0,7.09,7.14,,0.0011038613132573585,28.0,21.0,20.0,16.75,16.2,18.0,7.23,6.98,7.01,7.081,6.924,7.047999999999999,7.02,,1.0,7.02,7.23,6.98,0.07,0.01,7.24,7.01,600919,7.32,6.98,518146.04,348145.75,343303.51,410068.31,,,,2907384.3179,6.0
583,2019-10-24,39,,,,,0,9.04,9.08,,0.0011038613132573585,19.0,20.5,23.0,23.75,24.6,22.0,9.08,8.68,8.89,8.92,8.742,8.868,8.91,,1.46,8.91,9.02,8.68,0.13,0.0146,9.25,8.89,601997,9.23,8.68,222774.69,168067.8,184237.93,179677.16,,,,1624281.5263999999,5.0
71,2019-10-25,38,,,,,0,20.99,20.99,,-0.006802482188840517,16.0,16.0,13.333333333333336,11.25,11.0,11.333333333333336,20.99,18.0,19.31,19.014,18.345,19.622,19.5,,8.81,19.29,19.85,18.0,1.7,0.029030585795749214,23.76,19.31,876,19.19,18.0,453373.14,434627.14,612664.08,1040208.62,,,,21833978.933799997,7.0
205,2019-10-25,38,,,,,0,5.95,6.05,,0.011996929768755202,5.0,4.5,4.666666666666667,4.75,4.4,4.5,6.05,5.39,5.65,5.659,5.666,5.716,5.72,,3.12,5.77,5.85,5.39,0.18,0.0312,6.05,5.41,2696,6.05,5.39,62449.5,63024.85,85128.62,169992.66,,,,1011456.327,3.0
300,2019-10-25,38,,,,,0,8.59,8.65,,-0.010007447034572405,69.0,78.5,63.66666666666666,65.0,64.4,70.5,8.65,8.08,8.27,8.412,8.255,8.494,8.35,1.0,2.14,8.41,8.58,8.08,0.18,0.020214030915576685,8.77,8.02,300254,8.5,8.08,35323.82,29236.62,43658.73,40508.49,,,,347967.92909999995,2.0
324,2019-10-25,33,,,,,0,25.77,25.89,,-0.01661249683379772,104.0,114.5,98.66666666666669,101.0,101.6,98.66666666666669,25.89,24.32,24.91,24.791,24.572,25.142,25.15,,2.46,25.15,25.3,24.32,0.62,0.003578528827037768,27.49,24.91,300457,24.78,24.03,27676.22,26256.19,31861.79,51090.92,,,,1316613.0084,5.0
346,2019-10-25,38,,,,,0,41.03,41.2,,-0.0047765263837317145,7.0,11.5,14.0,14.5,14.4,15.333333333333336,41.2,36.5,39.6,38.216,37.828,39.282,39.99,,3.35,39.7,39.85,36.5,1.33,0.026006501625406332,42.38,38.88,300498,39.0,36.48,270170.06,265965.23,371042.62,539288.38,,,,22127002.2314,8.0
486,2019-10-25,38,,,,,0,4.17,4.18,,-0.0252578698181853,4.0,11.0,18.33333333333333,16.5,18.8,20.0,4.18,3.99,4.1,4.107,4.016,4.136,4.14,,0.24,4.16,4.18,3.99,0.01,0.004807692307692205,4.25,3.96,600836,4.16,3.8,53380.85,40563.77,47898.6,45022.0,,,,187741.74,1.0
506,2019-10-25,38,,,,,0,7.13,7.14,,0.003448413571864701,26.0,27.0,22.66666666666667,21.5,18.6,17.833333333333332,7.22,6.98,7.01,7.101,6.942,7.07,7.13,,0.56,7.09,7.22,6.98,0.04,0.005600000000000001,7.25,7.01,600919,7.32,6.98,508224.22,354655.38,310371.93,313630.69,,,,2236186.8197,6.0
584,2019-10-25,38,,,,,0,9.05,9.07,,0.003448413571864701,30.0,24.5,23.66666666666667,24.75,25.0,25.5,9.08,8.68,8.96,8.933,8.765,8.94,9.04,,0.11,9.04,9.08,8.68,0.01,0.0011,9.42,8.91,601997,9.23,8.68,211412.47,170508.9,162130.1,132064.95,,,,1195187.7975,4.0
163,2019-10-28,37,,,,,0,11.61,11.66,,-0.023540476125974364,3.0,8.5,9.333333333333334,8.25,7.0,7.166666666666668,11.66,10.58,10.99,10.9,10.755,11.188,11.17,,1.93,11.39,11.49,10.58,0.22,0.03939122649955233,11.97,10.42,2548,11.0,10.28,90454.57,73776.22,114426.74,159903.66,,,,1856481.4926,3.0
206,2019-10-28,37,,,,,0,5.92,5.93,,0.0164004510560179,2.0,3.5,3.6666666666666665,4.0,4.2,4.0,6.05,5.39,5.75,5.682,5.669,5.7879999999999985,5.81,,-0.5,5.95,6.05,5.39,-0.03,-0.01680672268907572,5.93,5.41,2696,6.05,5.39,70331.65,66245.13,103821.66,129493.21,,,,766599.8032000001,1.0
347,2019-10-28,37,,,,,0,40.57,41.7,,0.0037451843269075092,21.0,14.0,14.666666666666664,15.75,15.8,15.5,41.7,37.09,40.0,38.51300000000001,37.947,39.706,40.11,,-1.12,41.03,41.2,37.09,-0.46,-0.011200000000000002,42.38,38.88,300498,39.0,36.48,285309.42,274815.35,377923.26,393076.56,,,,15947116.0392,5.0
507,2019-10-28,37,,,,,0,7.14,7.24,,0.008500421313933975,10.0,18.0,21.33333333333333,19.5,19.2,17.166666666666668,7.24,6.98,7.12,7.097,6.964,7.0820000000000025,7.19,,0.14,7.13,7.14,6.98,0.01,0.0014000000000000002,7.31,7.01,600919,7.32,6.98,436174.59,365305.73,325513.11,387993.06,,,,2770270.4483999996,4.0
585,2019-10-28,37,,,,,0,9.12,9.14,,0.008500421313933975,25.0,27.5,24.66666666666667,24.0,24.8,25.0,9.14,8.68,8.91,8.94,8.798,8.996,9.02,,0.77,9.05,9.08,8.68,0.07,0.0077,9.43,8.91,601997,9.23,8.68,185621.23,174363.17,157982.53,179732.41,,,,1639159.5791999998,2.0
114,2019-10-29,36,,,,,0,14.68,15.08,,0.02297058624672578,114.0,120.5,101.66666666666669,109.25,105.6,98.83333333333331,15.08,14.06,14.61,14.39,14.451,14.464,14.92,,-1.48,14.9,14.95,14.06,-0.22,-0.016085790884718513,15.08,13.9,2253,15.08,13.95,26476.15,29282.56,28049.69,35710.0,,,,524222.8,7.0
157,2019-10-29,36,,,,,0,7.34,7.6,,0.01593001587146169,90.0,64.0,64.0,73.5,84.4,88.83333333333331,7.79,7.05,7.32,7.272,7.187,7.377999999999999,7.51,,-2.78,7.55,7.79,7.05,-0.21,-0.02263648468708388,7.89,7.26,2534,7.46,7.01,39817.2,44995.62,48728.14,47373.48,,,,347721.3432,6.0
160,2019-10-29,36,,,,,0,9.58,9.89,,0.00760545947621373,19.0,15.0,19.33333333333333,19.5,20.6,23.16666666666667,9.89,9.41,9.46,9.619,9.628,9.676,9.89,,-2.94,9.87,9.88,9.41,-0.29,-0.031344792719919155,9.91,9.37,2543,9.85,9.3,13976.82,16307.23,16709.09,23459.37,,,,224740.7646,3.0
252,2019-10-29,36,,,,,0,5.72,5.85,,0.018166767111778486,167.0,133.0,120.66666666666669,105.5,109.2,105.5,5.85,5.53,5.72,5.665,5.5820000000000025,5.722,5.82,,-1.38,5.8,5.85,5.53,-0.08,-0.01718213058419253,5.86,5.61,300035,5.77,5.47,73635.86,68898.13,80736.11,93747.0,,,,536232.84,8.0
287,2019-10-29,36,,,,,0,4.28,4.37,,0.02297058624672578,128.0,136.0,111.66666666666669,114.5,117.4,120.33333333333331,4.37,4.0,4.27,4.127,4.084,4.182,4.3,,-0.47,4.3,4.33,4.0,-0.02,-0.0046511627906975755,4.37,4.1,300150,4.37,3.96,43302.74,47185.93,55021.53,71133.65,,,,304452.022,5.0
362,2019-10-29,36,,,,,0,11.3,11.42,,-0.0002720529752515317,9.0,28.0,25.66666666666667,24.25,27.0,26.83333333333333,11.44,10.9,11.23,11.105,11.074000000000002,11.196,11.42,,-0.88,11.4,11.44,10.9,-0.1,-0.010507880910682943,11.84,10.66,300582,11.36,10.66,15953.44,19995.91,16028.89,17607.68,,,,198966.784,2.0
379,2019-10-29,36,,,,,0,12.3,12.8,,0.018166767111778486,155.0,128.0,123.0,109.0,105.8,95.83333333333331,12.8,12.02,12.3,12.220999999999998,12.078,12.28,12.55,,-1.28,12.46,12.55,12.02,-0.16,-0.0199203187250996,12.93,12.05,300693,12.45,11.88,15788.68,17194.59,16562.52,23123.54,,,,284419.542,4.0
604,2019-10-29,36,,,,,0,11.69,11.97,,0.013696773914314463,15.0,13.5,13.333333333333336,14.75,15.0,15.0,11.97,11.44,11.62,11.647,11.481,11.714,11.91,,-1.76,11.9,11.95,11.44,-0.21,-0.018471872376154545,11.97,11.2,603098,11.97,11.0,10130.62,9996.27,11146.61,13503.2,,,,157852.408,1.0
655,2019-10-29,36,,,,,0,13.79,14.19,,0.01774882704019673,6.0,19.0,29.33333333333333,27.25,27.4,27.83333333333333,14.32,12.7,13.61,13.294,12.981,13.478,14.03,,-2.41,14.13,14.32,12.7,-0.34,-0.01710620099786174,16.13,11.92,603825,13.5,12.5,28822.34,21889.77,33516.01,44165.64,,,,609044.1756,10.0
659,2019-10-29,36,,,,,0,12.95,13.16,,0.02297058624672578,162.0,152.0,108.66666666666669,115.25,114.3,106.91666666666669,13.16,12.16,12.87,12.747,12.505,12.782,13.02,,-0.54,13.02,13.1,12.16,-0.07,-0.005376344086021528,13.59,12.7,603869,12.95,12.16,34057.05,32895.29,35670.05,43487.93,,,,563168.6934999999,9.0
45,2019-10-30,35,,,,,0,5.98,6.05,,0.013716594933824187,7.0,4.5,4.333333333333333,4.0,3.8,3.6666666666666665,6.1,5.76,5.95,5.874,5.865,5.92,6.04,,-0.99,6.04,6.1,5.76,-0.06,-0.00993377483443702,6.28,5.95,729,6.03,5.7,109445.11,97904.15,131574.83,116451.46,,,,696379.7308000001,9.0
158,2019-10-30,35,,,,,0,7.29,7.44,,0.014630632354787447,118.0,104.0,82.0,77.5,82.4,90.0,7.79,7.12,7.26,7.278,7.209,7.4,7.35,,-0.68,7.34,7.79,7.12,-0.05,-0.0068000000000000005,7.91,7.26,2534,7.46,7.01,37938.42,43953.55,48097.65,27111.98,,,,197646.3342,3.0
161,2019-10-30,35,,,,,0,9.48,9.62,,0.005342273801146828,17.0,18.0,15.666666666666664,18.75,19.0,20.0,9.89,9.41,9.41,9.594,9.612,9.646,9.51,,-1.04,9.58,9.89,9.46,-0.1,-0.007306889352818402,9.91,9.37,2543,9.85,9.3,14005.98,14997.03,15830.31,11835.8,,,,112203.38399999999,2.0
253,2019-10-30,35,,,,,0,5.82,5.84,,0.012869818501351285,42.0,104.5,102.66666666666669,101.0,92.8,98.0,5.85,5.58,5.61,5.687,5.581,5.752000000000002,5.73,,1.75,5.72,5.85,5.58,0.1,0.0175,6.22,5.61,300035,5.77,5.47,78329.62,68075.86,85307.81,94729.65,,,,551326.563,7.0
295,2019-10-30,35,,,,,0,11.76,11.84,,0.027002536393226712,37.5,99.25,82.5,83.375,98.7,106.75,12.28,11.01,11.2,11.386,10.929,11.718,11.46,,0.94,11.65,12.28,11.01,0.11,0.0094,13.66,11.16,300235,12.09,10.05,88606.19,67969.69,107518.88,76252.01,,,,896723.6375999999,10.0
363,2019-10-30,35,,,,,0,10.96,11.26,,0.013249205263046215,26.0,17.5,27.33333333333333,25.75,24.6,26.83333333333333,11.44,10.8,10.8,11.098,11.047,11.175999999999998,11.21,,-3.01,11.3,11.44,10.9,-0.34,-0.0301,11.84,10.66,300582,11.36,10.66,16366.73,19874.16,17652.61,19587.49,,,,214678.89040000003,4.0
380,2019-10-30,35,,,,,0,12.41,12.59,,0.012869818501351285,145.0,150.0,133.66666666666666,128.5,116.2,112.33333333333331,12.8,12.02,12.24,12.242,12.085,12.324000000000002,12.27,,0.89,12.3,12.8,12.02,0.11,0.02032520325203252,12.98,12.05,300693,12.45,11.88,15974.81,17353.81,17690.02,21607.0,,,,268142.87,5.0
605,2019-10-30,35,,,,,0,11.52,11.77,,0.013821912293258477,9.0,12.0,12.0,12.25,13.6,14.0,11.97,11.5,11.5,11.647,11.495,11.69,11.68,,-1.45,11.69,11.97,11.5,-0.17,-0.0008554319931565259,11.77,11.12,603098,11.97,11.0,10188.8,9792.03,10741.49,6478.4,,,,74631.16799999999,1.0
656,2019-10-30,35,,,,,0,12.7,13.78,,0.026242737583685883,17.0,11.5,18.33333333333333,26.25,25.2,25.66666666666667,14.32,12.63,12.63,13.253,12.979,13.37,13.57,,-7.9,13.79,14.32,12.91,-1.09,-0.079,16.5,11.92,603825,13.5,12.5,30917.89,23477.53,38706.34,47819.84,,,,607311.9679999999,8.0
660,2019-10-30,35,,,,,0,13.09,13.1,,0.027002536393226712,175.0,168.5,159.66666666666666,125.25,127.2,124.41666666666669,13.16,12.16,12.7,12.798,12.519,12.882,12.85,,1.08,12.95,13.16,12.16,0.14,0.011583011583011612,13.59,12.7,603869,12.95,12.16,34892.23,33047.08,38553.55,34654.45,,,,453626.75049999997,6.0
46,2019-10-31,34,,,,,0,6.01,6.07,,-0.01493518950457397,3.0,5.0,4.0,4.0,3.8,3.6666666666666665,6.1,5.76,5.99,5.894,5.8729999999999976,5.966,6.01,,0.5,5.98,6.1,5.76,0.03,0.005,6.31,5.98,729,6.03,5.7,110680.59,97855.69,134883.31,88341.06,,,,530929.7705999999,4.0
159,2019-10-31,34,,,,,0,7.39,7.8,,-0.007688667883302084,116.0,117.0,108.0,90.5,85.2,88.0,7.8,7.12,7.28,7.302,7.233,7.404,7.28,,1.37,7.29,7.79,7.12,0.1,0.06858710562414266,7.91,7.28,2534,7.46,7.01,39433.41,43498.39,45144.46,52020.86,,,,384434.1554,2.0
166,2019-10-31,34,,,,,0,10.91,11.51,,0.005520742458932103,7.0,5.5,5.666666666666668,5.0,6.8,7.5,11.97,10.66,10.8,11.185,10.874,11.432,11.48,,-5.7,11.57,11.97,10.66,-0.66,-0.057,11.51,9.88,2548,11.97,10.28,121976.67,84010.7,151410.27,132024.25,,,,1440384.5675000001,6.0
254,2019-10-31,34,,,,,0,5.69,5.83,,-0.00729576851862151,114.0,78.0,107.66666666666669,105.5,103.6,96.33333333333331,5.85,5.58,5.61,5.691,5.5920000000000005,5.7479999999999976,5.81,,-2.23,5.82,5.85,5.58,-0.13,-0.0223,6.22,5.61,300035,5.77,5.47,79048.08,65268.51,90572.64,88090.56,,,,501235.28640000004,3.0
296,2019-10-31,34,,,,,0,11.27,11.88,,-0.009502646984619771,184.0,110.75,127.5,107.875,103.5,112.91666666666669,12.28,11.01,11.16,11.416,10.973,11.702,11.72,,-4.17,11.76,12.28,11.01,-0.49,-0.0417,13.66,11.16,300235,12.09,10.05,89474.8,67533.65,100308.46,65589.11,,,,739189.2697,5.0
364,2019-10-31,34,,,,,0,10.78,11.18,,-0.002470051933187869,54.0,40.0,29.66666666666667,34.0,31.4,29.5,11.44,10.68,10.68,11.066,11.037,11.118,11.05,,-1.64,10.96,11.44,10.8,-0.18,0.008211678832116775,11.84,10.66,300582,11.36,10.66,16562.96,19577.81,18479.11,16993.38,,,,183188.6364,1.0
510,2019-10-31,34,,,,,0,7.07,7.12,,-0.01667239103534252,24.0,21.0,24.66666666666667,21.0,22.0,23.0,7.24,7.01,7.01,7.075,7.0139999999999985,7.102,7.1,,-0.7,7.12,7.24,7.01,-0.05,-0.006999999999999999,7.43,7.01,600919,7.32,7.01,350501.79,397169.52,357700.06,318885.44,,,,2254520.0608,8.0
613,2019-10-31,34,,,,1.0,0,9.41,9.94,,-0.016063859634483427,22.0,16.0,11.0,13.5,15.8,13.833333333333336,12.0,9.31,9.31,10.087,10.07,10.232,9.82,,-4.08,9.81,12.0,9.8,-0.4,0.0010193679918450342,9.94,9.15,603106,12.0,9.43,194429.16,154531.95,269558.53,179379.59,,,,1687961.9419,7.0
47,2019-11-01,33,,,,,0,6.09,6.12,,-0.002760168248540703,6.0,4.5,5.333333333333333,4.5,4.4,4.166666666666667,6.12,5.79,5.98,5.925,5.885,6.01,6.01,,1.33,6.01,6.1,5.79,0.08,0.014975041597337747,6.38,5.98,729,6.03,5.7,114799.88,101143.81,150527.99,137272.59,,,,835990.0730999999,3.0
167,2019-11-01,33,,,,,0,10.82,11.04,,-0.006467786998028008,2.0,4.5,4.333333333333333,4.75,4.4,6.0,11.97,10.64,10.64,11.214,10.898,11.318,10.82,,-0.82,10.91,11.97,10.8,-0.09,-0.00824931255728688,11.04,9.88,2548,11.97,10.28,128728.37,87016.77,140096.68,113380.51,,,,1226777.1182,4.0
255,2019-11-01,33,,,,,0,5.77,5.81,,0.001187163881603595,93.0,103.5,83.0,104.0,103.0,101.83333333333331,5.85,5.58,5.62,5.7120000000000015,5.605,5.76,5.62,,1.41,5.69,5.85,5.58,0.08,0.0141,6.22,5.62,300035,5.77,5.47,81327.2,66494.57,93602.09,76110.26,,,,439156.20019999996,1.0
297,2019-11-01,33,,,,,0,12.4,12.4,,-0.006054709606201076,182.0,183.0,134.5,141.125,122.7,116.58333333333331,12.4,11.01,11.18,11.585,11.072,11.852,11.21,1.0,10.03,11.27,12.28,11.01,1.13,0.08961845607808339,14.31,11.18,300235,12.09,10.05,90481.34,68670.94,92685.1,60895.03,,,,755098.372,2.0
511,2019-11-01,33,,,,,0,7.24,7.25,,-0.0005551905059020453,24.0,24.0,22.0,24.5,21.6,22.33333333333333,7.25,7.01,7.05,7.097,7.0360000000000005,7.124,7.07,,2.4,7.07,7.24,7.01,0.17,0.024,7.43,7.05,600919,7.32,7.01,371217.88,422336.74,432063.84,685449.56,,,,4962654.8144000005,5.0
256,2019-11-04,32,,,,,0,5.76,5.86,,0.0008688011291143755,84.0,88.5,97.0,83.25,100.0,99.83333333333331,5.86,5.61,5.72,5.735,5.625,5.752000000000002,5.85,,-0.17,5.77,5.85,5.61,-0.01,0.013864818024263443,6.22,5.55,300035,5.77,5.47,81667.77,67253.08,82583.57,60240.36,,,,346984.47359999997,1.0
512,2019-11-04,32,,,,,0,7.26,7.31,,-0.013815536097768227,23.0,23.5,23.66666666666667,22.25,24.2,21.83333333333333,7.31,7.01,7.19,7.115,7.064,7.148,7.24,,0.28,7.24,7.25,7.01,0.02,0.0028000000000000004,7.43,7.09,600919,7.32,7.01,403368.56,444893.73,481224.01,633793.94,,,,4601344.004399999,3.0
587,2019-11-04,32,,,,,0,9.36,9.43,,-0.013815536097768227,7.0,11.75,16.166666666666668,17.875,20.5,21.25,9.43,8.91,9.27,9.113,8.982999999999997,9.23,9.32,,0.0,9.36,9.42,8.91,0.0,0.00429184549356214,9.79,9.27,601997,9.23,8.68,215849.05,215561.47,273715.56,273983.28,,,,2564483.5008,2.0
115,2019-11-05,31,,,,,0,7.73,7.87,,0.022997837878411847,22.0,20.0,18.33333333333333,17.5,18.0,18.166666666666668,7.87,7.32,7.71,7.525,7.456,7.626,7.75,,-0.52,7.77,7.86,7.32,-0.04,-0.0025806451612902675,7.87,7.3,2267,7.87,7.18,98804.03,87315.33,121754.43,123049.55,,,,951173.0215,2.0
121,2019-11-05,31,,,,,0,6.84,6.91,,0.004656358108519896,24.0,16.5,21.0,22.75,23.6,25.16666666666667,6.91,6.66,6.82,6.76,6.709,6.812,6.82,,-0.58,6.88,6.88,6.66,-0.04,0.002932551319648032,7.01,6.76,2327,6.84,6.51,19207.34,17578.23,22548.82,22326.6,,,,152713.944,1.0
421,2019-11-05,31,,,,,0,12.38,12.54,,0.017695689882954013,9.0,7.0,7.666666666666668,7.0,7.8,8.5,12.54,11.76,12.36,12.015999999999998,11.979,12.218,12.37,,0.08,12.37,12.44,11.76,0.01,0.00080840743734855,12.55,11.71,600138,12.29,11.5,77257.31,74042.67,98896.95,106284.33,,,,1315800.0054000001,3.0
513,2019-11-05,31,,,,,0,7.37,7.43,,0.0024908274148287557,13.0,18.0,20.0,21.0,20.4,22.33333333333333,7.43,7.01,7.24,7.149,7.0939999999999985,7.2120000000000015,7.26,,1.51,7.26,7.31,7.01,0.11,0.008264462809917425,7.43,7.09,600919,7.43,7.01,480668.56,489185.36,620816.91,1061387.12,,,,7822423.074400001,5.0
588,2019-11-05,31,,,,,0,9.42,9.56,,0.0024908274148287557,32.0,19.5,18.5,20.125,20.7,22.41666666666667,9.56,9.07,9.3,9.169,9.023,9.294,9.36,,0.64,9.36,9.43,9.07,0.06,0.0064,9.79,9.25,601997,9.23,8.68,236235.84,226120.68,289818.84,327297.22,,,,3083139.8123999997,4.0
122,2019-11-06,30,,,,,0,6.83,6.9,,-0.005714197560509685,33.0,28.5,22.0,24.0,24.8,25.16666666666667,6.91,6.66,6.8,6.773,6.716,6.822,6.84,,-0.15,6.84,6.91,6.66,-0.01,-0.0015,7.01,6.76,2327,6.84,6.51,19387.85,17615.4,20434.08,15199.0,,,,103809.17,1.0
422,2019-11-06,30,,,,,0,12.25,12.45,,0.005468008197278394,11.0,10.0,8.333333333333334,8.5,7.8,8.333333333333334,12.54,11.87,12.21,12.063,11.997,12.258,12.37,,-1.05,12.38,12.54,11.87,-0.13,0.004846526655896504,12.55,11.71,600138,12.29,11.5,81477.17,75556.57,87983.03,83650.73,,,,1024721.4425,2.0
549,2019-11-06,30,,,,,0,9.14,9.24,,0.0005192461070700809,33.0,22.5,22.0,22.0,22.0,20.0,9.24,8.81,9.09,9.039,9.006,9.048,9.16,,-0.44,9.18,9.24,8.81,-0.04,-0.0021834061135370714,9.3,8.76,601577,9.13,8.81,141203.11,153481.32,150646.04,143620.42,,,,1312690.6388000003,3.0
589,2019-11-06,30,,,,,0,9.53,9.59,,0.0005192461070700809,34.0,33.0,24.33333333333333,22.375,22.9,22.91666666666667,9.59,9.07,9.37,9.231,9.062,9.362,9.39,,1.17,9.42,9.56,9.07,0.11,0.0010615711252653702,9.79,9.2,601997,9.23,8.68,252802.79,234214.11,307097.6,340678.38,,,,3246664.9614,4.0
123,2019-11-07,29,,,,,0,6.94,6.97,,0.0012043116596318567,20.0,26.5,25.66666666666667,21.5,23.2,24.0,6.97,6.69,6.8,6.799,6.728,6.862,6.81,1.0,1.61,6.83,6.91,6.69,0.11,0.01171303074670572,7.01,6.76,2327,6.84,6.51,21063.2,18149.34,22908.74,28570.78,,,,198281.2132,1.0
550,2019-11-07,29,,,,,0,9.25,9.27,,0.01333282043338437,5.0,19.0,16.666666666666668,17.75,18.6,19.166666666666668,9.27,8.81,9.14,9.054,9.029,9.13,9.17,,1.2,9.14,9.24,8.81,0.11,0.010940919037199084,9.3,8.76,601577,9.13,8.81,134278.31,156729.8,160280.05,148853.8,,,,1376897.65,2.0
328,2019-11-08,28,,,,,0,15.75,16.14,,0.028918002215383324,3.0,58.0,77.66666666666667,92.75,80.8,92.5,16.14,14.62,15.55,15.316,14.957,15.554,15.91,,0.13,15.73,15.83,14.62,0.02,-0.010056568196103087,16.14,14.21,300481,16.14,14.0,74559.62,65291.11,80069.31,93895.23,,,,1478849.8724999998,3.0
365,2019-11-08,28,,,,,0,13.79,13.95,,0.021049904237425348,10.0,8.75,8.833333333333334,8.875,9.1,8.75,13.95,13.11,13.52,13.495,13.281,13.564,13.95,,0.0,13.79,13.83,13.11,0.0,-0.011469534050179222,14.74,13.49,300587,13.78,12.9,43354.79,54458.01,38208.16,45746.59,,,,630845.4761,2.0
639,2019-11-08,28,,,,,0,9.7,9.95,,0.026882324016348973,17.0,12.0,15.333333333333336,17.0,19.4,17.333333333333332,9.95,9.23,9.64,9.676,9.532,9.76,9.92,,-1.92,9.89,9.92,9.23,-0.19,-0.022177419354838773,9.95,9.09,603615,9.95,9.08,28823.67,29472.6,27942.98,26352.0,,,,255614.4,1.0
329,2019-11-11,27,,,,,0,14.8,15.46,,-0.004215674701345592,93.0,48.0,69.66666666666667,81.5,92.8,82.83333333333333,16.14,14.8,14.8,15.286,14.975,15.422,15.45,,-6.03,15.75,16.14,14.81,-0.95,-0.06030000000000001,15.46,14.21,300481,16.14,14.0,76231.35,66527.5,79175.75,74030.32,,,,1095648.7360000003,3.0
366,2019-11-11,27,,,,,0,13.74,13.85,,-0.00969841715612226,4.0,7.0,7.166666666666668,7.625,7.9,8.25,13.95,13.2,13.49,13.508,13.328,13.646,13.7,,-0.36,13.79,13.95,13.2,-0.05,0.002900652646845608,14.74,13.49,300587,13.78,12.9,40950.2,52202.1,41874.63,48779.56,,,,670231.1544,2.0
640,2019-11-11,27,,,,,0,9.4,9.66,,-0.009804341454291264,20.0,18.5,14.666666666666664,16.5,17.6,19.5,9.95,9.32,9.32,9.647,9.524,9.724,9.66,,-3.09,9.7,9.95,9.51,-0.3,-0.004123711340206098,9.66,9.09,603615,9.95,9.08,27772.51,29863.67,28737.98,24299.39,,,,228414.266,1.0
330,2019-11-12,26,,,,,0,14.87,15.15,,0.004513433211346585,5.0,49.0,33.666666666666664,53.5,66.2,78.16666666666667,16.14,14.76,14.76,15.263,14.982,15.334,14.76,,0.47,14.8,16.14,14.8,0.07,0.0047,15.43,14.21,300481,16.14,14.0,74077.6,64892.31,75015.68,43816.73,,,,651554.7751,1.0
331,2019-11-13,25,,,,,0,14.31,14.8,,-0.0028527774224245783,110.0,57.5,69.33333333333333,52.75,64.8,73.5,16.14,14.21,14.21,15.197,14.96,15.092,14.72,,-3.77,14.87,16.14,14.76,-0.56,-0.0377,15.43,14.21,300481,16.14,14.21,74150.48,65397.11,73270.92,63076.81,,,,902629.1511,1.0
332,2019-11-14,24,,,,,0,14.41,14.62,,0.018013468509209516,140.0,125.0,85.0,87.0,70.2,77.33333333333333,16.14,14.21,14.3,15.108,14.937,14.828,14.37,,0.7,14.31,16.14,14.21,0.1,0.006999999999999999,15.47,14.27,300481,16.14,14.21,70334.73,65072.57,63617.02,43266.0,,,,623463.06,1.0
333,2019-11-15,23,,,,,0,14.38,14.74,,-0.008329383916979176,151.0,145.5,133.66666666666666,101.5,99.8,83.66666666666667,16.14,14.21,14.27,15.054,14.902,14.554,14.47,,-0.21,14.41,16.14,14.21,-0.03,-0.0021,15.47,14.27,300481,16.14,14.21,66634.29,62522.52,53199.27,41806.5,,,,601177.4700000001,1.0
334,2019-11-18,22,,,,,0,15.07,15.43,,-0.01764216819268794,40.0,95.5,110.33333333333331,110.25,89.2,89.83333333333331,15.46,14.21,14.5,15.015,14.94,14.608,14.5,,4.8,14.38,15.46,14.21,0.69,0.048,15.47,14.43,300481,16.14,14.21,67702.55,63147.86,56229.35,89180.72,,,,1343953.4504,1.0
335,2019-11-19,21,,,,,0,15.2,15.25,,0.00629174876350226,55.0,47.5,82.0,96.5,99.2,83.5,15.43,14.21,14.86,15.004,14.975,14.674,14.95,,0.86,15.07,15.43,14.21,0.13,0.0086,15.47,14.43,300481,16.14,14.21,68458.45,64752.88,61901.22,72176.05,,,,1097075.96,2.0
627,2019-11-19,21,,,,,0,37.18,37.45,,0.008190316820245784,12.0,20.5,21.0,25.0,21.0,19.0,37.45,33.28,35.7,35.085,34.731,35.412,35.7,,3.62,35.88,36.32,33.28,1.3,0.04145658263305313,38.0,35.5,603429,35.69,33.28,11408.02,16328.28,14155.98,24661.52,,,,916915.3136,1.0
179,2019-11-20,20,,,,,0,9.54,10.08,,0.00031314272073267946,8.0,26.0,35.333333333333336,38.5,38.8,35.666666666666664,10.08,8.69,9.53,8.985,8.993,9.104,9.75,,0.1,9.53,9.81,8.69,0.01,-0.021538461538461624,10.16,9.1,2602,9.36,8.69,269320.99,199056.64,414321.46,775426.31,,,,7397566.9974,8.0
312,2019-11-20,20,,,,,0,12.19,12.49,,0.00031314272073267946,46.0,39.5,36.333333333333336,39.5,41.6,41.333333333333336,12.49,11.5,12.18,11.87,12.023,11.956,12.36,,-0.97,12.31,12.36,11.5,-0.12,-0.01375404530744336,12.75,12.05,300295,12.28,11.45,30971.6,38781.08,35580.74,54697.74,,,,666765.4506,4.0
315,2019-11-20,20,,,,,0,3.99,4.13,,0.0006292793473487727,10.0,16.5,23.66666666666667,25.25,28.2,29.16666666666667,4.13,3.77,3.98,3.941,3.937,3.992,4.04,,-1.72,4.06,4.12,3.77,-0.07,-0.012376237623762332,4.13,3.74,300303,4.13,3.7,278563.38,306151.05,322085.91,271070.16,,,,1081569.9383999999,6.0
336,2019-11-20,20,,,,,0,15.02,15.35,,-0.0019990800941948176,139.0,97.0,78.0,96.25,105.0,105.83333333333331,15.43,14.21,14.95,14.954,15.005999999999998,14.816,15.13,,-1.18,15.2,15.43,14.21,-0.18,-0.0118,15.61,14.43,300481,16.14,14.21,66502.25,65482.38,59733.58,52238.63,,,,784624.2226,5.0
423,2019-11-20,20,,,,,0,27.83,28.25,,0.003282754163907484,30.0,26.5,25.66666666666667,24.75,25.8,27.66666666666667,28.25,26.51,27.78,27.288,27.22,27.674,27.88,,-0.39,27.94,28.06,26.51,-0.11,-0.0017934002869440715,28.26,26.32,600161,27.65,26.34,46124.16,58401.57,53003.84,49008.58,,,,1363908.7814,7.0
491,2019-11-20,20,,,,,0,5.44,5.59,,-0.00452771640444353,27.0,16.5,21.33333333333333,17.5,20.8,18.0,5.62,5.16,5.4,5.403,5.3679999999999986,5.414,5.55,,-1.98,5.55,5.62,5.16,-0.11,-0.019819819819819718,5.76,5.32,600892,5.53,5.16,54043.06,41724.11,60475.13,51416.08,,,,279703.47520000004,1.0
607,2019-11-20,20,,,,,0,15.3,15.55,,-0.00452771640444353,15.0,27.0,19.666666666666668,15.75,21.0,22.33333333333333,15.55,14.4,15.01,14.724,14.306,14.925999999999998,15.09,,1.32,15.1,15.16,14.4,0.2,0.013916500994035842,15.66,14.85,603103,14.91,13.35,19275.71,18456.62,23027.47,42348.66,,,,647934.4980000001,3.0
628,2019-11-20,20,,,,,0,36.56,37.56,,0.004287397228779401,31.0,21.5,24.0,23.5,26.2,22.66666666666667,37.56,33.28,36.27,35.351,34.781,35.804,36.98,,-1.67,37.18,37.45,33.28,-0.62,-0.0167,38.0,35.0,603429,35.69,33.28,12190.52,16658.22,15528.79,14283.24,,,,522195.25440000003,2.0
180,2019-11-21,19,,,,,0,9.28,9.46,,0.024605857916102616,51.0,29.5,34.333333333333336,39.25,41.0,40.833333333333336,10.08,8.69,9.21,9.022,8.996,9.202,9.42,,-2.73,9.54,10.08,8.69,-0.26,-0.0273,10.16,9.1,2602,9.36,8.69,285146.39,207268.89,450946.6,282668.31,,,,2623161.9168,8.0
313,2019-11-21,19,,,,,0,12.25,12.43,,0.024605857916102616,64.0,55.0,47.66666666666666,43.25,44.4,45.33333333333334,12.49,11.54,12.16,11.892,12.015,12.08,12.19,,0.49,12.19,12.49,11.54,0.06,0.013945857260049216,12.75,12.05,300295,12.28,11.45,31319.43,36712.45,38021.72,28431.24,,,,348282.69,3.0
316,2019-11-21,19,,,,,0,3.93,3.98,,0.012790365779665415,15.0,12.5,16.0,21.5,23.2,26.0,4.13,3.85,3.9,3.94,3.948,3.982,3.96,,-1.5,3.99,4.13,3.85,-0.06,-0.007518796992481266,3.98,3.73,300303,4.13,3.7,280986.9,309771.8,292856.57,217691.36,,,,855527.0448,5.0
337,2019-11-21,19,,,,,0,15.27,15.47,,0.004865639370155955,13.0,76.0,69.0,61.75,79.6,89.66666666666669,15.47,14.27,14.89,14.908,15.059,14.988,14.98,,1.66,15.02,15.43,14.27,0.25,0.0166,15.66,14.43,300481,16.14,14.21,63692.25,66986.67,63767.47,63435.47,,,,968659.6269,6.0
424,2019-11-21,19,,,,,0,27.89,28.11,,0.02827975478653565,16.0,23.0,23.0,23.25,23.0,24.16666666666667,28.25,26.83,27.5,27.352,27.241,27.742,27.8,,0.22,27.83,28.25,26.83,0.06,0.00826446280991737,28.26,26.26,600161,27.65,26.34,48398.99,57158.01,48695.95,52115.31,,,,1453495.9959,7.0
492,2019-11-21,19,,,,,0,5.47,5.53,,0.010331499092228372,24.0,25.5,19.0,22.0,18.8,21.33333333333333,5.62,5.16,5.37,5.415,5.376,5.438,5.47,,0.55,5.44,5.62,5.16,0.03,0.0055000000000000005,5.76,5.32,600892,5.53,5.16,55667.83,41693.74,61596.25,40298.63,,,,220433.50609999997,1.0
608,2019-11-21,19,,,,,0,15.29,15.46,,0.010331499092228372,26.0,20.5,26.66666666666667,21.25,17.8,21.83333333333333,15.55,14.45,14.85,14.814,14.396,15.064,15.27,,-0.07,15.3,15.55,14.45,-0.01,-0.0007000000000000001,15.66,14.85,603103,14.91,13.35,20200.56,19071.96,25367.29,21443.7,,,,327874.173,2.0
629,2019-11-21,19,,,,,0,36.94,38.0,,0.011435503408643006,16.0,23.5,19.666666666666668,22.0,22.0,24.5,38.0,33.28,36.12,35.619,34.879,36.392,36.95,,1.04,36.56,37.56,33.28,0.38,0.02434354485776807,38.0,34.0,603429,38.0,33.28,13008.2,16794.21,16929.21,16797.22,,,,620489.3068,4.0
181,2019-11-22,18,,,,,0,9.16,9.42,,0.021248194892608648,69.0,60.0,42.66666666666666,43.0,45.2,45.66666666666666,10.08,8.69,9.1,9.054,8.998,9.286,9.3,,-1.29,9.28,10.08,8.69,-0.12,-0.0129,10.16,9.1,2602,9.36,8.69,291303.42,210874.35,476991.05,203423.31,,,,1863357.5196,4.0
338,2019-11-22,18,,,,,0,14.85,15.36,,-0.0013338277358013804,25.0,19.0,59.0,58.0,54.4,70.5,15.47,14.27,14.75,14.818,15.067,15.082,15.18,,-2.75,15.27,15.47,14.27,-0.42,-0.0275,15.91,14.43,300481,16.14,14.21,60378.93,67469.27,67558.58,60762.02,,,,902315.997,3.0
493,2019-11-22,18,,,,,0,5.41,5.53,,0.0024237199107501714,40.0,32.0,30.33333333333333,24.25,25.6,22.33333333333333,5.62,5.16,5.32,5.421,5.382999999999999,5.4460000000000015,5.46,,-1.1,5.47,5.62,5.16,-0.06,-0.011,5.76,5.3,600892,5.53,5.16,59590.8,43283.23,61768.06,55403.67,,,,299733.8547,1.0
609,2019-11-22,18,,,,,0,15.15,15.42,,0.0024237199107501714,42.0,34.0,27.66666666666667,30.5,25.4,21.83333333333333,15.55,14.45,15.03,14.875,14.472,15.128,15.37,,-0.92,15.29,15.55,14.45,-0.14,-0.0092,15.66,14.94,603103,14.91,13.35,19638.74,19664.01,25555.43,19842.98,,,,300621.147,2.0
182,2019-11-25,17,,,,,0,9.5,9.51,,0.0027381675608215074,65.0,67.0,61.66666666666666,48.25,47.4,48.5,10.08,8.72,9.17,9.112,9.014,9.402,9.18,,3.71,9.16,10.08,8.72,0.34,0.0371,10.16,9.17,2602,9.36,8.69,306585.25,218997.63,499926.55,321293.75,,,,3052290.625,4.0
339,2019-11-25,17,,,,,0,14.55,14.91,,0.000894469202891536,156.0,90.5,64.66666666666667,83.25,77.6,71.33333333333333,15.47,14.43,14.43,14.793,15.04,14.978,14.82,,-2.02,14.85,15.47,14.5,-0.3,-0.0202,16.06,14.43,300481,16.14,14.43,56907.16,66569.25,57584.96,39312.65,,,,571999.0575,3.0
468,2019-11-25,17,,,,,0,5.04,5.11,,0.033885048224287916,6.0,10.0,13.333333333333336,12.375,12.5,13.583333333333336,5.11,4.52,4.85,4.652,4.599,4.768,4.85,,5.44,4.78,4.79,4.52,0.26,0.03917525773195885,5.11,4.74,600782,5.11,4.46,445062.99,307991.2,629614.69,1324722.25,,,,6676600.14,5.0
494,2019-11-25,17,,,,,0,5.54,5.76,,0.004256221771985104,15.0,27.5,26.33333333333333,26.5,22.4,23.83333333333333,5.76,5.16,5.4,5.436,5.391,5.482,5.44,,2.4,5.41,5.62,5.16,0.13,0.0388170055452865,5.76,5.3,600892,5.76,5.16,62615.46,46332.73,72238.6,87393.0,,,,484157.22000000003,2.0
610,2019-11-25,17,,,,,0,15.54,15.57,,0.004256221771985104,25.5,33.75,31.16666666666667,27.125,29.5,25.41666666666667,15.57,14.55,14.94,14.969,14.558,15.276,15.17,,2.57,15.15,15.55,14.55,0.39,0.026402640264026424,16.33,14.94,603103,14.91,13.35,20356.66,20157.34,27052.0,24834.49,,,,385927.9746,1.0
18,2019-11-26,16,,,,,0,9.86,10.05,,0.0020648774256052287,14.0,21.5,24.66666666666667,25.25,25.8,27.0,10.05,9.54,9.77,9.664,9.449,9.75,9.9,,-0.3,9.89,9.96,9.54,-0.03,-0.004040404040404133,10.05,9.64,553,10.05,8.95,26074.36,25809.35,27421.47,29807.4,,,,293900.964,1.0
95,2019-11-26,16,,,,,0,8.41,8.57,,0.01479644085192074,18.0,19.5,17.0,15.25,16.2,15.0,8.57,8.05,8.34,8.165,8.12,8.296,8.53,,-1.29,8.52,8.52,8.05,-0.11,-0.01406799531066814,8.57,8.13,2128,8.57,7.82,94270.0,86281.2,140164.81,152825.92,,,,1285265.9872,2.0
183,2019-11-26,16,,,,,0,9.79,9.96,,0.003787069112137838,66.0,65.5,66.66666666666667,62.75,51.8,50.5,10.08,8.94,9.53,9.206,9.042,9.454,9.69,,3.05,9.5,10.08,8.94,0.29,0.0305,10.16,9.31,2602,9.36,8.69,362601.37,242126.52,449382.92,664102.94,,,,6501567.782599999,4.0
340,2019-11-26,16,,,,,0,15.32,15.46,,-0.0004986781474525607,138.0,147.0,106.33333333333331,83.0,94.2,87.66666666666669,15.47,14.43,14.51,14.838,15.050999999999998,15.002,14.51,,5.29,14.55,15.47,14.43,0.77,0.0529,16.89,14.51,300481,16.14,14.43,62785.15,68431.37,63669.09,102596.66,,,,1571780.8312000001,3.0
19,2019-11-27,15,,,,,0,9.76,9.86,,0.0007051902248589058,25.0,19.5,22.66666666666667,24.75,25.2,25.66666666666667,10.05,9.54,9.68,9.68,9.489,9.772,9.83,,-1.01,9.86,10.05,9.54,-0.1,-0.0101,9.93,9.51,553,10.05,8.95,24429.22,26015.48,26661.09,18009.9,,,,175776.624,2.0
184,2019-11-27,15,,,,,0,10.02,10.16,,0.00954293574750908,18.0,42.0,49.66666666666666,54.5,53.8,46.16666666666666,10.16,9.1,9.67,9.327,9.093,9.55,9.8,,2.35,9.79,10.08,9.1,0.23,0.029622063329928595,10.16,9.31,2602,10.16,8.69,413858.84,264550.74,413396.22,595492.81,,,,5966837.9562,4.0
341,2019-11-27,15,,,,,0,15.53,15.61,,0.0018880750089887515,126.0,132.0,140.0,111.25,91.6,99.5,15.61,14.43,15.1,14.96,15.079,15.104,15.24,,1.37,15.32,15.47,14.43,0.21,0.013700000000000002,17.09,15.1,300481,16.14,14.43,65764.02,69957.25,71794.46,92865.48,,,,1442200.9043999999,3.0
433,2019-11-27,15,,,,,0,3.45,3.46,,0.004059228489086714,23.0,23.0,21.0,21.5,20.0,19.666666666666668,3.46,3.36,3.41,3.397,3.39,3.418,3.42,,0.58,3.43,3.44,3.36,0.02,0.0029154518950436693,3.49,3.41,600320,3.43,3.33,41933.55,38509.44,53968.46,48886.25,,,,168657.5625,1.0
20,2019-11-28,14,,,,,0,9.74,9.8,,0.001705297079497589,38.0,31.5,25.66666666666667,26.5,27.4,27.33333333333333,10.05,9.54,9.68,9.69,9.528,9.786,9.79,,-0.2,9.76,10.05,9.54,-0.02,0.0030737704918032127,9.93,9.5,553,10.05,8.95,23548.45,26215.26,24907.87,11889.15,,,,115800.321,1.0
342,2019-11-28,14,,,,,0,15.66,15.66,,-0.0014583949286263533,78.0,102.0,114.0,124.5,104.6,89.33333333333331,15.66,14.43,15.18,15.085,15.097,15.182,15.25,,0.84,15.53,15.61,14.43,0.13,0.0084,17.09,15.18,300481,16.14,14.43,69453.22,69893.97,75138.96,80157.98,,,,1255273.9668,3.0
367,2019-11-28,14,,,,,0,14.78,14.92,,-0.0014416876723316596,11.0,10.0,9.666666666666666,10.0,9.2,9.0,14.92,14.01,14.56,14.43,14.089,14.614,14.8,,-0.34,14.83,14.92,14.01,-0.05,-0.0013513513513514425,15.24,14.33,300587,14.74,12.9,56589.36,49555.84,62532.16,68441.59,,,,1011566.7001999998,2.0
343,2019-11-29,13,,,,,0,15.67,15.91,,-0.001441452345633594,54.0,66.0,86.0,99.0,110.4,96.16666666666669,15.91,14.43,15.35,15.214,15.134,15.345999999999998,15.5,,0.06,15.66,15.66,14.43,0.01,0.0006,17.5,15.3,300481,16.14,14.43,75278.39,70956.34,82998.2,100058.21,,,,1567912.1507,2.0
368,2019-11-29,13,,,,,0,15.04,15.06,,0.0066702376219186605,3.0,7.0,7.666666666666668,8.0,8.6,8.166666666666666,15.06,14.11,14.55,14.496,14.167,14.732,14.73,,1.76,14.78,14.92,14.11,0.26,0.009472259810554842,15.24,14.33,300587,14.74,12.9,55320.18,50940.78,59707.68,53647.56,,,,806859.3023999999,1.0
344,2019-12-02,12,,,,,0,15.6,16.06,,-0.004071204793939393,157.0,105.5,96.33333333333331,103.75,110.6,118.16666666666669,16.06,14.43,15.42,15.267,15.140999999999998,15.556,15.66,,-0.45,15.67,15.91,14.43,-0.07,-0.0045000000000000005,17.5,15.3,300481,16.14,14.43,75704.94,71703.74,93824.91,93446.23,,,,1457761.1879999998,1.0
657,2019-12-02,12,,,,,0,20.35,20.93,,-0.0037918971428332546,3.0,10.5,24.66666666666667,34.5,31.6,36.66666666666666,20.93,19.78,20.33,20.278,20.048,20.394,20.51,,-1.21,20.6,20.67,19.78,-0.25,-0.0078010726474890355,20.93,19.69,603858,20.93,19.18,91876.38,84497.41,82157.22,94246.68,,,,1917919.938,2.0
345,2019-12-03,11,,,,,0,16.67,16.89,,-0.0008947035177493557,120.0,138.5,110.33333333333331,102.25,107.0,112.16666666666669,16.89,14.51,15.3,15.414,15.209,15.826,15.4,1.0,6.86,15.6,16.06,14.51,1.07,0.034615384615384666,17.5,15.3,300481,16.14,14.43,86076.53,77267.49,108483.96,175891.92,,,,2932118.3064000006,3.0
391,2019-12-03,11,,,,,0,4.53,4.57,,0.010392467583616505,12.0,11.0,13.333333333333336,12.0,13.0,13.0,4.57,4.33,4.42,4.388,4.376,4.418,4.43,,1.8,4.45,4.52,4.33,0.08,0.022573363431151364,4.57,4.42,600006,4.57,4.24,65689.21,63899.93,76554.51,119510.22,,,,541381.2966,1.0
658,2019-12-03,11,,,,,0,19.91,20.04,,0.001687035602300385,26.0,14.5,15.666666666666664,25.0,32.8,30.66666666666667,20.93,19.7,19.7,20.305,20.01,20.296,20.04,,-2.16,20.35,20.93,19.98,-0.44,-0.015233415233415344,20.27,19.69,603858,20.93,19.18,95042.07,84778.93,84807.53,101065.51,,,,2012214.3040999998,2.0
23,2019-12-04,10,,,,,0,1.82,1.86,,-0.0019291911640464047,17.0,17.0,17.0,15.5,14.4,14.5,1.86,1.75,1.8,1.7719999999999998,1.742,1.7919999999999998,1.8,,0.0,1.82,1.85,1.75,0.0,0.01111111111111112,1.87,1.78,572,1.81,1.75,72887.46,62163.69,75131.12,118661.0,,,,215963.02000000002,2.0
87,2019-12-04,10,,,,,0,7.05,7.12,,-0.016342074887991043,16.0,74.0,83.66666666666667,92.0,81.4,85.33333333333333,7.12,6.68,6.91,6.817,6.785,6.898,6.95,,1.15,6.97,6.98,6.68,0.08,0.01438848920863304,7.23,6.91,2056,6.96,6.59,113546.5,119509.22,136117.84,230334.44,,,,1623857.802,5.0
392,2019-12-04,10,,,,,0,4.47,4.54,,-0.0019291911640464047,16.0,14.0,12.666666666666664,14.0,12.8,13.5,4.57,4.33,4.45,4.399,4.379,4.442,4.5,,-1.32,4.53,4.57,4.33,-0.06,-0.013200000000000002,4.63,4.43,600006,4.57,4.24,66937.03,65977.44,85303.36,84599.24,,,,378158.6028,4.0
479,2019-12-04,10,,,,,0,3.96,3.99,,-0.0031653863252236237,3.0,14.5,18.0,19.25,19.6,21.166666666666668,3.99,3.86,3.94,3.893,3.861,3.922,3.94,,0.0,3.96,3.96,3.86,0.0,0.0050761421319797,4.17,3.92,600823,3.95,3.72,77353.97,84622.73,67559.73,84236.32,,,,333575.8272,3.0
590,2019-12-04,10,,,,,0,9.87,9.94,,-0.010274845185592824,80.0,81.5,78.0,81.0,87.4,77.66666666666667,9.94,9.44,9.71,9.661,9.72,9.7,9.82,,0.51,9.82,9.92,9.44,0.05,0.00509164969450091,10.09,9.71,603006,9.8,9.44,7283.79,7643.08,6956.78,6891.5,,,,68019.105,1.0
24,2019-12-05,9,,,,,0,1.84,1.87,,0.008300869741600653,10.0,13.5,14.666666666666664,15.25,14.4,13.666666666666664,1.87,1.75,1.83,1.784,1.747,1.806,1.83,,1.1,1.82,1.86,1.75,0.02,0.016483516483516498,1.87,1.78,572,1.87,1.75,81156.65,66713.29,89064.1,123076.88,,,,226461.4592,3.0
56,2019-12-05,9,,,,,0,16.3,16.36,,-0.002265212206018368,4.0,5.5,8.333333333333334,10.75,11.0,12.0,16.36,15.59,16.13,15.925,15.73,16.074,16.2,,0.62,16.2,16.24,15.59,0.1,0.0061728395061729285,16.36,15.85,768,16.36,15.01,142318.68,159025.14,144936.11,183184.36,,,,2985905.068,7.0
88,2019-12-05,9,,,,,0,7.0,7.06,,-0.012268265463086427,58.0,37.0,68.66666666666667,77.25,85.2,77.5,7.12,6.73,6.94,6.8370000000000015,6.7970000000000015,6.938,7.02,,-0.71,7.05,7.12,6.73,-0.05,-0.0071,7.39,6.91,2056,6.96,6.59,121582.56,124469.01,158465.18,201221.0,,,,1408547.0,6.0
208,2019-12-05,9,,,,,0,15.74,15.91,,0.0024003094742287485,76.0,53.0,69.66666666666667,61.25,70.4,70.5,15.91,15.1,15.65,15.470999999999998,15.378,15.58,15.76,,-0.13,15.76,15.9,15.1,-0.02,-0.0012690355329948967,15.97,15.45,2715,15.64,15.09,2280.63,3048.31,2509.77,1904.0,,,,29968.96,1.0
393,2019-12-05,9,,,,,0,4.51,4.53,,0.008300869741600653,14.0,15.0,14.0,13.0,14.0,13.0,4.57,4.33,4.47,4.414,4.382,4.47,4.49,,0.9,4.47,4.57,4.33,0.04,0.009000000000000001,4.77,4.43,600006,4.57,4.24,70356.46,67264.67,88110.68,77044.61,,,,347471.1911,5.0
480,2019-12-05,9,,,,,0,3.93,3.98,,-0.00030486678241236877,18.0,10.5,15.666666666666664,18.0,19.0,19.33333333333333,3.99,3.86,3.92,3.905,3.86,3.932,3.97,,-0.76,3.96,3.99,3.86,-0.03,-0.0076,4.17,3.92,600823,3.95,3.72,77262.95,82415.4,69872.06,62781.16,,,,246729.95880000002,4.0
591,2019-12-05,9,,,,,0,9.95,9.97,,0.0024003094742287485,81.0,80.5,81.33333333333333,78.75,81.0,86.33333333333331,9.97,9.44,9.85,9.693,9.711,9.79,9.85,,0.81,9.87,9.94,9.44,0.08,0.005065856129685989,10.85,9.85,603006,9.8,9.44,7271.44,7787.12,7643.85,8892.87,,,,88484.0565,2.0
8,2019-12-06,8,,,,,0,3.84,3.85,,-0.005027055671982153,62.0,52.0,60.33333333333334,60.125,58.5,63.25,3.85,3.74,3.81,3.802,3.795,3.814,3.83,,0.0,3.84,3.85,3.74,0.0,0.002610966057441197,3.88,3.81,404,3.83,3.74,17707.53,18511.68,20505.12,20026.39,,,,76901.3376,2.0
10,2019-12-06,8,,,,,0,3.47,3.48,,0.0004939242870893472,6.0,16.0,15.833333333333336,14.875,16.5,15.583333333333336,3.48,3.33,3.39,3.383,3.3680000000000003,3.402,3.41,,2.06,3.4,3.42,3.33,0.07,0.005882352941176476,3.48,3.38,407,3.48,3.28,46417.69,47900.02,54489.7,96967.59,,,,336477.5373,8.0
109,2019-12-06,8,,,,,0,2.93,2.94,,-0.00592331379815375,13.0,14.0,11.666666666666664,17.75,21.8,20.33333333333333,2.94,2.82,2.91,2.8760000000000003,2.8560000000000003,2.904,2.93,,0.34,2.92,2.94,2.82,0.01,0.0034,2.95,2.88,2218,2.92,2.82,50918.92,48108.09,64827.66,45773.24,,,,134115.5932,4.0
209,2019-12-06,8,,,,,0,15.76,15.88,,-0.0014261084984696546,87.0,81.5,64.33333333333333,74.0,66.4,73.16666666666667,15.91,15.1,15.68,15.515999999999998,15.386,15.664,15.75,,0.13,15.74,15.91,15.1,0.02,0.0013000000000000002,15.97,15.45,2715,15.64,15.09,2210.53,2885.14,2622.17,2257.0,,,,35570.32,1.0
221,2019-12-06,8,,,,,0,20.5,21.17,,0.005466643010029372,22.0,14.5,32.333333333333336,32.0,44.6,46.5,21.17,19.62,20.49,20.231,20.203,20.494,20.49,,-1.06,20.72,20.76,19.62,-0.22,0.0004880429477794809,21.17,19.83,2817,21.17,19.62,8622.3,11488.78,10200.29,17397.75,,,,356653.875,9.0
357,2019-12-06,8,,,,,0,9.39,9.48,,0.0015203880432283394,6.0,7.0,6.666666666666668,7.0,7.2,7.166666666666668,9.48,9.03,9.29,9.22,9.218,9.262,9.36,,0.32,9.36,9.41,9.03,0.03,0.003205128205128327,10.72,9.29,300547,9.31,9.03,12556.11,12204.45,17017.46,32140.2,,,,301796.478,7.0
394,2019-12-06,8,,,,,0,4.5,4.52,,-0.002027662197248471,9.0,11.5,13.0,12.75,12.2,13.166666666666664,4.57,4.33,4.43,4.43,4.382,4.492,4.51,,-0.22,4.51,4.57,4.33,-0.01,-0.0022,4.77,4.43,600006,4.57,4.24,70971.78,65003.07,89811.08,60355.0,,,,271597.5,6.0
417,2019-12-06,8,,,,,0,20.59,20.7,,0.0021832597446180594,16.0,15.5,12.333333333333336,12.5,11.8,11.666666666666664,20.7,20.08,20.45,20.393,20.335,20.438,20.5,,0.05,20.58,20.68,20.08,0.01,0.004390243902439018,20.76,20.21,600118,20.54,20.08,32534.45,35118.97,38133.9,33599.59,,,,691815.5580999999,10.0
531,2019-12-06,8,,,,,0,3.59,3.6,,-0.0033133704700695865,129.0,104.0,94.0,99.5,87.4,85.5,3.6,3.5,3.55,3.536,3.471,3.564,3.58,,0.28,3.58,3.6,3.5,0.01,0.0028000000000000004,3.65,3.54,601179,3.55,3.35,57547.3,59060.36,47472.03,44648.0,,,,160286.32,5.0
551,2019-12-06,8,,,,,0,8.7,8.75,,0.006330741276800589,8.5,8.25,8.166666666666666,7.375,6.7,6.75,8.75,8.31,8.59,8.48,8.366,8.552,8.6,,1.04,8.61,8.69,8.31,0.09,0.011627906976744146,8.76,8.43,601579,8.59,8.1,6920.02,6061.08,7560.51,14117.0,,,,122817.9,3.0
32,2019-12-09,7,,,,,0,6.46,6.53,,-0.008845234119118535,24.0,22.5,22.0,20.25,20.0,18.0,6.53,6.14,6.41,6.3420000000000005,6.312,6.39,6.53,,0.15,6.45,6.5,6.14,0.01,-0.010719754977029141,6.55,6.39,657,6.43,6.14,22651.38,21903.67,28567.9,23978.3,,,,154899.818,9.0
117,2019-12-09,7,,,,,0,7.07,7.09,,-0.015032064548046209,132.0,118.0,116.0,107.75,102.8,96.0,7.17,6.74,6.98,6.882999999999999,6.816,6.956,7.0,,0.43,7.04,7.17,6.74,0.03,0.01000000000000004,8.38,6.98,2289,7.01,6.74,7969.08,9818.63,9526.91,10461.0,,,,73959.27,4.0
131,2019-12-09,7,,,,,0,9.24,9.28,,0.00034415136380866316,14.0,20.5,22.33333333333333,19.5,19.8,20.0,9.28,9.07,9.21,9.163,9.138,9.193999999999999,9.22,,-0.11,9.25,9.26,9.07,-0.01,0.0021691973969630773,9.32,9.17,2394,9.23,9.07,6446.2,6083.07,8325.52,8199.35,,,,75761.994,5.0
168,2019-12-09,7,,,,,0,8.02,8.05,,-0.003689929311538976,28.0,24.0,21.0,22.75,21.6,22.33333333333333,8.08,7.84,8.0,7.947,7.917999999999997,7.966,8.03,,-0.25,8.04,8.08,7.84,-0.02,-0.0012453300124532734,8.13,8.0,2561,8.0,7.84,4790.92,4504.42,5123.83,4908.02,,,,39362.320400000004,1.0
210,2019-12-09,7,,,,,0,15.8,15.97,,-0.007022145333099598,29.0,58.0,64.0,55.5,65.0,60.16666666666666,15.97,15.1,15.72,15.555,15.412,15.726,15.76,,0.25,15.76,15.91,15.1,0.04,0.008883248730964504,16.43,15.45,2715,15.64,15.09,2217.63,2612.03,2645.77,2613.0,,,,41285.4,2.0
230,2019-12-09,7,,,,,0,10.11,10.14,,-0.0042066442999189714,108.0,90.5,99.0,104.75,94.6,85.83333333333333,10.14,9.83,10.05,9.967,9.964,10.018,10.12,,-0.1,10.12,10.14,9.83,-0.01,-0.0009881422924900977,10.49,10.05,2882,10.11,9.83,5534.28,6505.45,6801.61,6516.2,,,,65878.78199999999,3.0
291,2019-12-09,7,,,,,0,6.84,6.91,,0.0038254679046460962,10.0,8.0,7.333333333333332,6.25,6.0,6.666666666666668,6.92,6.53,6.79,6.698,6.654,6.8020000000000005,6.83,,0.44,6.81,6.92,6.53,0.03,0.0044,7.03,6.77,300195,6.79,6.53,28460.5,27382.51,35815.82,24368.0,,,,166677.12,10.0
434,2019-12-09,7,,,,,0,3.51,3.52,,0.000723009517591786,19.0,17.5,19.33333333333333,17.5,17.0,17.5,3.52,3.42,3.48,3.47,3.426,3.488,3.48,,0.29,3.5,3.5,3.42,0.01,0.008620689655172358,3.65,3.48,600320,3.49,3.33,43354.15,39908.09,35536.27,43205.0,,,,151649.55,8.0
487,2019-12-09,7,,,,,0,4.94,4.97,,-0.003689929311538976,36.0,26.5,27.33333333333333,27.25,26.4,24.33333333333333,5.01,4.76,4.92,4.8610000000000015,4.847,4.878,4.93,,-0.4,4.96,5.01,4.76,-0.02,0.002028397565923058,5.32,4.91,600858,4.95,4.76,19037.18,21206.13,24477.15,28758.0,,,,142064.52000000002,7.0
552,2019-12-09,7,,,,,0,8.7,8.76,,0.0063849815663586384,5.0,6.75,7.166666666666668,7.375,6.9,6.416666666666668,8.76,8.31,8.64,8.521,8.392999999999999,8.607999999999999,8.75,,0.0,8.7,8.75,8.31,0.0,-0.0011494252873562975,8.76,8.43,601579,8.76,8.1,7210.97,6108.38,8406.42,8843.0,,,,76934.09999999999,6.0
9,2019-12-10,6,,,,,0,3.85,3.87,,0.005052050976997165,85.0,80.0,74.0,66.0,68.2,66.75,3.87,3.74,3.81,3.812,3.797,3.834,3.84,,0.26,3.84,3.87,3.74,0.01,0.002604166666666727,3.97,3.81,404,3.83,3.74,18936.21,17820.65,22417.86,24868.07,,,,95742.0695,5.0
13,2019-12-10,6,,,,,0,3.32,3.32,,0.0076878636604325815,26.0,20.0,19.5,17.625,20.1,19.83333333333333,3.35,3.25,3.29,3.297,3.28,3.324,3.32,,-0.3,3.33,3.35,3.25,-0.01,-0.003,3.44,3.27,521,3.32,3.22,34554.4,38328.97,36661.15,26071.17,,,,86556.28439999999,4.0
33,2019-12-10,6,,,,,0,6.52,6.54,,0.011470785673945577,26.0,25.0,23.66666666666667,23.0,21.4,21.0,6.54,6.14,6.39,6.363,6.323,6.442,6.45,,0.93,6.46,6.53,6.14,0.06,0.0061919504643962895,6.64,6.39,657,6.43,6.14,23296.3,22070.24,29284.16,28727.91,,,,187305.97319999998,10.0
118,2019-12-10,6,,,,,0,7.24,7.32,,0.010669512972804862,173.0,152.5,136.33333333333334,130.25,120.8,114.5,7.32,6.74,7.02,6.9220000000000015,6.853,7.032,7.05,,2.4,7.07,7.17,6.74,0.17,0.014144271570014091,8.59,7.02,2289,7.01,6.74,8618.29,10251.22,10932.88,16889.85,,,,122282.514,7.0
132,2019-12-10,6,,,,,0,9.21,9.26,,-0.0018999088227041683,27.0,20.5,22.66666666666667,23.5,21.0,21.0,9.28,9.07,9.17,9.165,9.141,9.208,9.26,,-0.33,9.24,9.28,9.07,-0.03,-0.0033000000000000004,9.42,9.17,2394,9.23,9.07,6532.85,6060.22,8961.42,6153.5,,,,56673.73500000001,3.0
169,2019-12-10,6,,,,,0,8.03,8.04,,-0.005280328607839375,22.0,25.0,23.33333333333333,21.25,22.6,21.66666666666667,8.08,7.84,8.0,7.955,7.925,7.987999999999999,8.01,,0.12,8.02,8.08,7.84,0.01,0.0012,8.31,8.0,2561,8.0,7.84,4568.51,4385.57,4805.03,3100.0,,,,24892.999999999996,1.0
231,2019-12-10,6,,,,,0,10.15,10.22,,0.003640164256018496,133.0,120.5,104.66666666666669,107.5,110.4,101.0,10.22,9.83,10.1,9.987,9.969,10.064,10.11,,0.4,10.11,10.14,9.83,0.04,0.0029673590504452163,10.69,10.1,2882,10.11,9.83,5601.42,6106.96,6972.27,5396.16,,,,54771.024,2.0
435,2019-12-10,6,,,,,0,3.51,3.53,,-0.005010153431236837,21.0,20.0,18.666666666666668,19.75,18.2,17.666666666666668,3.53,3.42,3.49,3.478,3.434,3.494,3.5,,0.0,3.51,3.52,3.42,0.0,-0.002849002849002789,3.66,3.49,600320,3.49,3.33,41403.74,40537.05,36485.05,36944.07,,,,129673.68569999999,9.0
474,2019-12-10,6,,,,,0,4.53,4.53,,-0.004398888957834235,11.0,11.0,12.0,11.75,11.6,11.166666666666664,4.53,4.37,4.44,4.452,4.438,4.47,4.5,,0.44,4.51,4.52,4.37,0.02,0.006666666666666722,4.65,4.44,600819,4.49,4.37,18235.77,16640.68,20778.06,24499.9,,,,110984.547,6.0
645,2019-12-10,6,,,,,0,12.14,12.33,,0.005052050976997165,62.0,37.5,58.33333333333334,57.25,53.0,53.0,12.34,11.96,12.1,12.086,11.984000000000002,12.158,12.28,,-1.06,12.27,12.34,11.96,-0.13,-0.011400651465797948,12.55,11.97,603698,12.19,11.6,9637.31,9313.02,10586.17,10204.4,,,,123881.416,8.0
14,2019-12-11,5,,,,,0,3.3,3.32,,0.002678698883158136,17.0,21.5,19.0,18.875,17.5,19.58333333333333,3.35,3.28,3.28,3.3,3.283,3.324,3.32,,-0.6,3.32,3.35,3.28,-0.02,-0.006,3.44,3.27,521,3.32,3.22,34101.56,37633.01,37957.87,30167.84,,,,99553.87199999999,4.0
133,2019-12-11,5,,,,,0,9.23,9.25,,0.002409398885478025,18.0,22.5,19.666666666666668,21.5,22.4,20.5,9.28,9.1,9.18,9.173,9.146,9.222000000000001,9.22,,0.22,9.21,9.28,9.1,0.02,0.0022,9.42,9.18,2394,9.23,9.07,6598.41,6105.46,8991.04,5046.62,,,,46580.3026,2.0
170,2019-12-11,5,,,,,0,8.04,8.06,,0.0005272774410474406,23.0,22.5,24.33333333333333,23.25,21.6,22.66666666666667,8.08,7.88,8.01,7.9620000000000015,7.932,8.016,8.04,,0.12,8.03,8.08,7.88,0.01,0.0012,8.31,8.0,2561,8.0,7.84,4720.21,4448.67,5264.23,5098.0,,,,40987.92,1.0
223,2019-12-11,5,,,,,0,12.29,12.32,,0.010602614783008696,4.0,4.5,5.333333333333333,5.5,5.2,4.833333333333333,12.32,11.9,12.16,12.022,11.961,12.146,12.23,,0.49,12.23,12.27,11.9,0.06,0.004905968928863346,12.51,12.06,2818,12.22,11.71,10811.64,11944.37,12214.26,11742.65,,,,144317.1685,6.0
264,2019-12-11,5,,,,,0,5.43,5.46,,0.002099649273397417,42.0,61.0,80.0,75.75,79.0,82.16666666666667,5.48,5.3,5.41,5.3870000000000005,5.3660000000000005,5.428,5.46,,-0.55,5.46,5.48,5.3,-0.03,-0.00549450549450554,5.65,5.37,300082,5.44,5.29,16372.32,16555.2,18845.23,13466.22,,,,73121.57459999999,3.0
387,2019-12-11,5,,,,,0,18.11,18.35,,0.002099649273397417,121.0,82.5,89.66666666666669,94.0,99.8,90.0,18.36,17.7,18.11,17.899,17.634,18.138,18.32,,-1.09,18.31,18.36,17.7,-0.2,-0.010900000000000002,18.87,18.06,300721,18.02,17.28,10390.92,9394.5,10697.49,10223.0,,,,185138.53,8.0
475,2019-12-11,5,,,,,0,4.54,4.57,,0.0018003555521495594,11.0,11.0,11.0,11.75,11.6,11.5,4.57,4.38,4.5,4.46,4.444,4.498,4.53,,0.22,4.53,4.53,4.38,0.01,0.0022,4.66,4.5,600819,4.49,4.37,19355.21,17413.32,24217.37,30336.0,,,,137725.44,5.0
631,2019-12-11,5,,,,,0,6.68,6.78,,0.0012856885226870984,158.0,128.5,99.0,99.5,101.4,98.33333333333331,6.78,6.41,6.66,6.545,6.495,6.6679999999999975,6.69,,-0.59,6.72,6.75,6.41,-0.04,0.0044642857142857505,7.2,6.66,603528,6.65,6.26,23842.13,24336.01,29239.17,25048.0,,,,167320.63999999998,7.0
642,2019-12-11,5,,,,,0,27.6,27.98,,-0.007472322213566611,122.0,130.5,93.66666666666669,105.25,96.0,94.83333333333331,27.98,26.62,27.3,27.047,26.638,27.464,27.53,,0.25,27.53,27.74,26.62,0.07,0.007628042135851699,32.66,27.3,603629,27.36,25.35,8312.74,8783.61,9013.55,7174.51,,,,198016.47600000002,9.0
646,2019-12-11,5,,,,,0,12.06,12.2,,0.0020563185442428037,68.0,65.0,47.66666666666666,60.75,59.4,55.5,12.34,12.0,12.0,12.097,11.996,12.152,12.13,,-0.66,12.14,12.34,12.02,-0.08,-0.006600000000000001,12.6,11.97,603698,12.19,11.6,10811.27,9643.18,12977.58,17357.68,,,,209333.6208,10.0
15,2019-12-12,4,,,,,0,3.27,3.31,,-0.015296450494368818,24.0,20.5,22.33333333333333,20.25,19.9,18.58333333333333,3.35,3.27,3.27,3.303,3.283,3.31,3.3,,-0.91,3.3,3.35,3.28,-0.03,-0.0091,9999.0,9999.0,521,3.32,3.22,34004.45,36908.35,32872.58,36992.72,,,,120966.19440000001,6.0
134,2019-12-12,4,,,,,0,9.18,9.26,,-0.009349207566426387,14.0,16.0,19.666666666666668,18.25,20.0,21.0,9.28,9.14,9.18,9.179,9.15,9.222000000000001,9.25,,-0.54,9.23,9.28,9.14,-0.05,-0.0054,9999.0,9999.0,2394,9.23,9.07,6550.37,6002.18,8455.04,4191.0,,,,38473.38,2.0
171,2019-12-12,4,,,,,0,8.01,8.05,,-0.006014618489287186,27.0,25.0,24.0,25.0,24.0,22.5,8.08,7.9,8.0,7.97,7.938,8.027999999999999,8.05,,-0.37,8.04,8.08,7.9,-0.03,-0.0037,9999.0,9999.0,2561,8.0,7.84,4561.01,4395.87,4843.21,3384.0,,,,27105.84,1.0
224,2019-12-12,4,,,,,0,12.14,12.44,,-0.00785001054869322,2.0,3.0,3.6666666666666665,4.5,4.8,4.666666666666667,12.44,11.91,12.12,12.052,11.97,12.18,12.43,,-1.22,12.29,12.32,11.91,-0.15,-0.0122,9999.0,9999.0,2818,12.22,11.71,11315.48,11642.13,12828.75,13862.1,,,,168285.894,8.0
265,2019-12-12,4,,,,,0,5.38,5.46,,-0.012688220928878308,123.0,82.5,81.66666666666667,90.75,85.2,86.33333333333331,5.48,5.34,5.37,5.3889999999999985,5.3660000000000005,5.424,5.43,,-0.92,5.43,5.48,5.34,-0.05,-0.0092,9999.0,9999.0,300082,5.44,5.29,16773.85,16352.44,17334.96,15637.73,,,,84130.9874,3.0
353,2019-12-12,4,,,,,0,15.81,15.99,,-0.01535315311149311,36.0,57.0,57.33333333333334,51.25,57.4,60.16666666666666,16.19,15.71,15.75,15.85,15.698,15.978,15.9,,-0.38,15.87,16.19,15.71,-0.06,-0.0038,9999.0,9999.0,300531,16.09,15.0,12445.39,13954.82,13899.98,13661.0,,,,215980.41,10.0
388,2019-12-12,4,,,,,0,18.24,18.39,,-0.012688220928878308,38.0,79.5,67.66666666666667,76.75,82.8,89.5,18.39,17.8,18.06,17.96,17.682000000000006,18.198,18.11,,0.72,18.11,18.36,17.8,0.13,0.013804527885146328,9999.0,9999.0,300721,18.02,17.28,10502.64,9631.31,10561.07,10685.17,,,,194897.50079999998,9.0
447,2019-12-12,4,,,,,0,7.48,7.52,,-0.010599494684138074,37.0,64.5,74.66666666666667,76.75,82.0,76.5,7.52,7.27,7.42,7.346,7.329,7.438,7.46,,-0.27,7.5,7.52,7.27,-0.02,0.0026809651474531447,9999.0,9999.0,600501,7.47,7.12,18112.94,17972.06,21152.58,20879.57,,,,156179.18360000002,7.0
476,2019-12-12,4,,,,,0,4.53,4.55,,-0.008436761457664746,6.0,8.5,9.333333333333334,9.75,10.6,10.666666666666666,4.57,4.39,4.51,4.467,4.448,4.5139999999999985,4.54,,-0.22,4.54,4.57,4.39,-0.01,-0.0022,9999.0,9999.0,600819,4.49,4.37,19194.33,17676.42,24805.34,18768.0,,,,85019.04000000001,4.0
647,2019-12-12,4,,,,,0,12.0,12.1,,-0.010745259620273829,113.0,90.5,81.0,64.0,71.2,68.33333333333333,12.34,11.97,11.97,12.101,12.0,12.126,12.08,,-0.5,12.06,12.34,12.0,-0.06,-0.005,9999.0,9999.0,603698,12.19,11.6,10863.67,9639.64,12364.4,8275.9,,,,99310.79999999999,5.0
12,2019-12-13,3,,,,,0,5.08,5.16,,-0.00945261984104633,4.0,3.0,5.0,5.25,6.6,6.166666666666668,5.38,4.97,5.06,5.018,4.976,5.058,5.15,,-1.36,5.15,5.38,4.97,-0.07,-0.013592233009708792,9999.0,9999.0,430,5.03,4.9,16763.14,12119.76,22805.78,33742.22,,,,171410.4776,6.0
16,2019-12-13,3,,,,,0,3.33,3.33,,-0.014956910509896388,27.0,25.5,22.66666666666667,23.5,21.6,21.08333333333333,3.35,3.27,3.29,3.31,3.2880000000000003,3.31,3.29,,1.83,3.27,3.35,3.27,0.06,0.0183,9999.0,9999.0,521,3.32,3.22,36736.54,37007.8,36695.36,53090.95,,,,176792.8635,7.0
135,2019-12-13,3,,,,,0,9.23,9.24,,-0.01034722747233145,22.0,18.0,18.0,20.25,19.0,20.33333333333333,9.28,9.14,9.18,9.19,9.158999999999999,9.218,9.23,,0.55,9.18,9.28,9.14,0.05,0.0055000000000000005,9999.0,9999.0,2394,9.23,9.07,7633.87,6366.24,7524.5,14032.01,,,,129515.4523,4.0
172,2019-12-13,3,,,,,0,8.08,8.09,,-0.007144948946495039,18.0,22.5,22.66666666666667,22.5,23.6,23.0,8.09,7.93,8.0,7.987,7.95,8.036,8.05,,0.87,8.01,8.08,7.93,0.07,0.008739076154806527,9999.0,9999.0,2561,8.0,7.84,5253.83,4754.03,5448.85,10754.21,,,,86894.0168,1.0
266,2019-12-13,3,,,,,0,5.48,5.48,,-0.016815389074779464,69.0,96.0,78.0,78.5,86.4,82.5,5.48,5.37,5.41,5.403,5.377000000000002,5.434,5.42,,1.86,5.38,5.48,5.37,0.1,0.01858736059479564,9999.0,9999.0,300082,5.44,5.29,17551.7,16340.98,19143.49,23627.51,,,,129478.7548,3.0
448,2019-12-13,3,,,,,0,7.5,7.55,,-0.01742509253891197,120.0,78.5,83.0,86.0,85.4,88.33333333333331,7.55,7.32,7.4,7.379,7.343,7.466,7.49,,0.27,7.48,7.52,7.32,0.02,0.0027,9999.0,9999.0,600501,7.47,7.12,20190.92,18575.99,24732.94,35231.73,,,,264237.97500000003,10.0
477,2019-12-13,3,,,,,0,4.55,4.57,,-0.01219181482344568,13.0,9.5,10.0,10.25,10.4,11.0,4.57,4.43,4.52,4.48,4.457,4.532,4.55,,0.44,4.53,4.57,4.43,0.02,0.0044,9999.0,9999.0,600819,4.49,4.37,20569.37,18114.44,26990.23,25228.43,,,,114789.3565,2.0
569,2019-12-13,3,,,,,0,2.08,2.09,,-0.021851961696360327,20.0,26.5,22.0,21.625,21.3,22.58333333333333,2.14,2.03,2.07,2.0580000000000003,2.045,2.082,2.07,,0.97,2.06,2.14,2.03,0.02,0.0097,9999.0,9999.0,601929,2.08,2.0,90032.87,92618.44,125825.11,85241.0,,,,177301.28,8.0
635,2019-12-13,3,,,,,0,8.06,8.13,,-0.021851961696360327,12.0,18.5,17.333333333333332,21.75,20.6,21.66666666666667,8.22,7.66,8.0,7.938,7.822999999999999,8.032,8.04,,0.37,8.03,8.22,7.66,0.03,0.0037,9999.0,9999.0,603598,8.07,7.38,24065.4,21858.05,25691.95,18450.0,,,,148707.0,5.0
648,2019-12-13,3,,,,,0,12.24,12.24,,-0.020654991456120084,29.0,71.0,70.0,68.0,57.0,64.16666666666667,12.34,11.97,12.0,12.122,12.027,12.142,12.0,,2.0,12.0,12.34,11.97,0.24,0.02,9999.0,9999.0,603698,12.19,11.6,11160.72,10004.73,13407.72,17034.25,,,,208499.22,9.0
136,2019-12-16,2,,,,,0,9.32,9.32,,-0.009058875935503112,17.0,19.5,17.666666666666668,17.75,19.6,18.666666666666668,9.32,9.17,9.19,9.214,9.172,9.234,9.25,,0.97,9.23,9.28,9.17,0.09,0.005417118093174316,9999.0,9999.0,2394,9.23,9.07,8800.97,6925.64,9276.43,16959.01,,,,158057.97319999998,5.0
138,2019-12-16,2,,,,,0,7.08,7.11,,-0.013397182773333492,3.0,4.0,4.333333333333333,4.5,4.6,4.833333333333333,7.11,6.84,6.95,6.89,6.858,6.942,6.97,,1.58,6.97,7.03,6.84,0.11,0.015781922525107652,9999.0,9999.0,2441,6.95,6.69,21734.78,18744.26,24658.84,37359.11,,,,264502.4988,8.0
212,2019-12-16,2,,,,,0,17.12,17.14,,-0.011996650227854507,57.0,50.25,46.5,47.625,45.3,45.25,17.14,16.5,16.82,16.755,16.523,16.814,16.86,,1.42,16.88,16.92,16.5,0.24,0.015421115065243272,9999.0,9999.0,2760,16.83,15.92,4412.59,4412.68,4807.38,4669.0,,,,79933.28,2.0
277,2019-12-16,2,,,,,0,5.44,5.44,,-0.005074540607477984,4.0,5.5,6.333333333333332,6.625,6.3,6.583333333333332,5.44,5.19,5.33,5.283,5.231,5.324,5.34,,1.68,5.35,5.35,5.19,0.09,0.018726591760299727,9999.0,9999.0,300126,5.29,5.06,16086.55,15339.2,17412.61,16358.5,,,,88990.24,3.0
478,2019-12-16,2,,,,,0,4.6,4.6,,-0.008931278580613716,7.0,10.0,8.666666666666666,9.25,9.6,9.833333333333334,4.6,4.44,4.54,4.498,4.467,4.55,4.56,,1.1,4.55,4.57,4.44,0.05,0.004395604395604497,9999.0,9999.0,600819,4.49,4.37,22131.25,18753.07,25343.62,27885.76,,,,128274.49599999998,4.0
541,2019-12-16,2,,,,,0,5.76,5.76,,-0.0096043450909378,4.0,3.0,3.333333333333333,4.25,4.2,4.666666666666667,5.76,5.65,5.7,5.6960000000000015,5.669,5.7079999999999975,5.74,,0.35,5.74,5.75,5.65,0.02,0.0034843205574912146,9999.0,9999.0,601368,5.71,5.57,7067.74,6302.85,8477.97,12413.67,,,,71502.7392,1.0
570,2019-12-16,2,,,,,0,2.11,2.12,,-0.012438384775856544,34.0,27.0,29.0,25.0,24.1,23.41666666666667,2.14,2.04,2.08,2.067,2.052,2.09,2.08,,1.44,2.08,2.14,2.04,0.03,0.0144,9999.0,9999.0,601929,2.08,2.0,99227.54,95287.35,134616.4,137044.02,,,,289162.88219999993,10.0
606,2019-12-16,2,,,,,0,8.67,8.71,,-0.010413565917544516,20.0,32.0,35.0,31.75,34.2,33.833333333333336,8.71,8.25,8.4,8.345,8.204,8.424,8.44,,2.73,8.44,8.44,8.25,0.23,0.027251184834123275,9999.0,9999.0,603100,8.39,7.8,11836.45,10845.41,13158.89,27737.17,,,,240481.2639,7.0
636,2019-12-16,2,,,,,0,8.15,8.17,,-0.012438384775856544,26.0,19.0,21.0,19.5,22.6,21.5,8.22,7.81,8.02,7.967,7.854,8.082,8.07,,1.12,8.06,8.22,7.81,0.09,0.011200000000000002,9999.0,9999.0,603598,8.07,7.38,23121.23,22335.53,26103.15,22884.0,,,,186504.6,6.0
649,2019-12-16,2,,,,,0,12.35,12.35,,-0.009494041851813802,62.0,45.5,68.0,68.0,66.8,57.83333333333334,12.35,11.97,12.21,12.154000000000002,12.057,12.158,12.29,,0.9,12.24,12.34,11.97,0.11,0.008169934640522847,9999.0,9999.0,603698,12.19,11.6,12550.64,10682.94,15009.76,22176.57,,,,273880.6395,9.0
39,2019-12-17,1,,,,,0,7.5,7.52,,-0.005496173651700933,11.0,11.0,15.0,16.5,17.8,17.333333333333332,7.52,7.24,7.4,7.322,7.231,7.37,7.48,,0.27,7.48,7.48,7.24,0.02,0.002673796791443793,9999.0,9999.0,695,7.44,6.85,9219.63,8105.25,10207.19,14446.11,,,,108345.82500000001,5.0
100,2019-12-17,1,,,,,0,9.84,9.89,,0.0035826251795384313,25.0,24.5,25.0,24.25,23.4,23.66666666666667,9.89,9.5,9.7,9.625,9.546,9.672,9.75,,0.92,9.75,9.75,9.5,0.09,0.009230769230769216,9999.0,9999.0,2144,9.65,9.28,6782.17,7276.79,7066.95,11855.0,,,,116653.2,8.0
211,2019-12-17,1,,,,,0,7.38,7.42,,0.00010154870411585564,66.0,79.0,85.66666666666667,87.25,86.2,92.16666666666669,7.42,7.03,7.24,7.1560000000000015,7.063,7.213999999999999,7.32,,1.1,7.3,7.31,7.03,0.08,0.008196721311475356,9999.0,9999.0,2748,7.25,6.83,6793.89,6805.48,8210.37,12850.15,,,,94834.10699999999,3.0
214,2019-12-17,1,,,,,0,19.92,20.15,,0.00010154870411585564,67.0,62.5,66.66666666666667,76.75,75.6,78.0,20.15,19.18,19.74,19.56,19.355,19.59,19.81,,0.56,19.81,19.84,19.18,0.11,0.005552751135790156,9999.0,9999.0,2802,19.78,18.84,2831.58,2358.2,3430.85,7031.9,,,,140075.448,10.0
278,2019-12-17,1,,,,,0,5.47,5.49,,-0.004552431071878272,10.0,7.0,7.0,7.25,7.3,6.916666666666668,5.49,5.19,5.41,5.31,5.246,5.36,5.41,,0.55,5.44,5.44,5.19,0.03,0.0055000000000000005,9999.0,9999.0,300126,5.29,5.06,16559.45,15348.1,17335.35,16536.0,,,,90451.92,1.0
356,2019-12-17,1,,,,,0,13.71,13.8,,0.00010154870411585564,63.0,60.0,57.66666666666666,63.5,57.6,64.16666666666667,13.8,13.35,13.59,13.458,13.3,13.542,13.59,,0.51,13.64,13.7,13.35,0.07,0.008830022075055259,9999.0,9999.0,300535,13.52,12.9,5347.36,4726.81,5948.8,6770.83,,,,92828.0793,2.0
459,2019-12-17,1,,,,,0,8.57,8.58,,0.0024818783423805404,55.0,58.5,50.66666666666666,49.75,48.8,50.33333333333334,8.58,8.24,8.41,8.373,8.331,8.406,8.44,,1.42,8.45,8.46,8.24,0.12,0.015402843601895828,9999.0,9999.0,600629,8.4,8.2,6961.52,6546.97,8434.56,13964.6,,,,119676.622,9.0
515,2019-12-17,1,,,,,0,4.25,4.26,,0.007085130531268531,11.0,9.0,10.0,10.25,11.0,9.5,4.26,4.12,4.21,4.183,4.158,4.188,4.23,,0.47,4.23,4.26,4.12,0.02,0.004728132387706754,9999.0,9999.0,600979,4.2,4.07,18062.23,19820.15,20680.17,26466.28,,,,112481.69,6.0
542,2019-12-17,1,,,,,0,5.8,5.81,,0.0031564588908300595,6.0,5.0,4.0,4.0,4.6,4.5,5.81,5.65,5.73,5.7120000000000015,5.676,5.73,5.75,,0.69,5.76,5.76,5.65,0.04,0.0069,9999.0,9999.0,601368,5.71,5.57,8324.01,6962.6,11325.8,19585.15,,,,113593.87000000001,7.0
601,2019-12-17,1,,,,,0,8.54,8.58,,-0.003927202100438224,74.0,58.0,55.0,60.25,60.2,68.66666666666667,8.58,8.26,8.46,8.381,8.291,8.424,8.5,,0.35,8.51,8.51,8.26,0.03,0.0047058823529410754,9999.0,9999.0,603088,8.43,7.91,8272.77,8688.74,7906.27,11221.21,,,,95829.13339999998,4.0
101,2019-12-18,0,,,,,0,9.83,9.88,,9999.0,9999.0,9999.0,9999.0,9999.0,9999.0,9999.0,9.89,9.52,9.8,9.652,9.566,9.722,9.83,,-0.1,9.84,9.89,9.52,-0.01,-0.00914634146341462,9999.0,9999.0,2144,9.65,9.28,6805.2,7405.54,7778.55,8469.0,,,,83250.27,5.0
350,2019-12-18,0,,,,,0,13.25,13.31,,9999.0,9999.0,9999.0,9999.0,9999.0,9999.0,9999.0,13.32,12.89,13.22,13.082,13.035,13.126,13.29,,-0.07,13.26,13.32,12.89,-0.01,-0.0030097817908201017,9999.0,9999.0,300519,13.2,12.81,6513.41,5441.26,7344.2,6799.15,,,,90088.73749999999,7.0
458,2019-12-18,0,,,,,0,4.99,5.02,,9999.0,9999.0,9999.0,9999.0,9999.0,9999.0,9999.0,5.02,4.85,4.95,4.938,4.925,4.938,5.02,,0.0,4.99,5.01,4.85,0.0,-0.005976095617529754,9999.0,9999.0,600617,4.97,4.85,13394.31,10685.21,17608.75,16901.0,,,,84335.99,6.0
460,2019-12-18,0,,,,,0,8.56,8.62,,9999.0,9999.0,9999.0,9999.0,9999.0,9999.0,9999.0,8.62,8.29,8.52,8.394,8.343,8.45,8.58,,-0.12,8.57,8.58,8.29,-0.01,-0.012835472578763059,9999.0,9999.0,600629,8.4,8.2,7721.22,6884.12,9564.59,12874.48,,,,110205.5488,10.0
471,2019-12-18,0,,,,,0,5.13,5.16,,9999.0,9999.0,9999.0,9999.0,9999.0,9999.0,9999.0,5.16,4.99,5.1,5.062,4.9910000000000005,5.092,5.15,,-0.2,5.14,5.16,4.99,-0.01,-0.003883495145631158,9999.0,9999.0,600814,5.1,4.85,18050.62,13796.52,18953.52,19334.06,,,,99183.72780000001,9.0
516,2019-12-18,0,,,,,0,4.22,4.27,,9999.0,9999.0,9999.0,9999.0,9999.0,9999.0,9999.0,4.27,4.12,4.2,4.186,4.167,4.202,4.24,,-0.71,4.25,4.26,4.12,-0.03,0.0023529411764705377,9999.0,9999.0,600979,4.2,4.07,18453.4,20249.22,22926.65,21589.42,,,,91107.35239999999,8.0
543,2019-12-18,0,,,,,0,5.78,5.82,,9999.0,9999.0,9999.0,9999.0,9999.0,9999.0,9999.0,5.82,5.65,5.77,5.723,5.683,5.752000000000002,5.81,,-0.34,5.8,5.81,5.65,-0.02,-0.006896551724137937,9999.0,9999.0,601368,5.71,5.57,9084.21,7342.65,12181.02,12429.96,,,,71845.1688,2.0
602,2019-12-18,0,,,,,0,8.55,8.59,,9999.0,9999.0,9999.0,9999.0,9999.0,9999.0,9999.0,8.59,8.29,8.52,8.399,8.31,8.462,8.56,,0.12,8.54,8.58,8.29,0.01,-0.0035128805620608158,9999.0,9999.0,603088,8.43,7.91,8326.15,8790.96,8020.79,7246.72,,,,61959.456000000006,1.0
633,2019-12-18,0,,,,,0,12.27,12.35,,9999.0,9999.0,9999.0,9999.0,9999.0,9999.0,9999.0,12.35,11.81,12.19,11.973,11.839,12.068,12.21,,0.57,12.2,12.33,11.81,0.07,0.00491400491400481,9999.0,9999.0,603580,12.18,11.3,5676.0,4852.32,5723.67,6612.2,,,,81131.69399999999,4.0
652,2019-12-18,0,,,,,0,7.5,7.53,,9999.0,9999.0,9999.0,9999.0,9999.0,9999.0,9999.0,7.53,7.22,7.43,7.352,7.296,7.386,7.46,,0.27,7.48,7.49,7.22,0.02,0.0053619302949061715,9999.0,9999.0,603725,7.46,7.16,9463.24,7970.04,8944.52,9657.5,,,,72431.25,3.0
